koduzemi,hodnota
500011,26409.0
500020,15678.0
500046,20014.0
500062,20044.0
500071,17347.0
500101,1584.0
500127,1125.0
500135,1692.0
500151,844.0
500160,4131.0
500194,1436.0
500259,44868.0
500291,61574.0
500496,2293836.0
500526,48426.0
500623,25478.0
500801,13999.0
500852,56936.0
500861,34461.0
500879,16354.0
501476,43661.0
501646,57282.0
501751,38969.0
501794,35582.0
501841,33316.0
502146,99195.0
502235,35379.0
502405,13793.0
502545,52942.0
502839,16246.0
503142,13057.0
503304,19346.0
503410,3708.0
503444,226398.0
503622,18669.0
503657,73645.0
503738,25993.0
503916,12679.0
503941,17903.0
504246,17362.0
504301,8085.0
504441,33776.0
504505,45501.0
504785,28305.0
504807,5773.0
504921,6651.0
504955,3901.0
505005,9543.0
505013,28547.0
505030,4507.0
505081,41275.0
505099,4501.0
505111,34691.0
505145,37563.0
505161,78069.0
505188,312130.0
505218,39034.0
505269,29088.0
505293,42664.0
505366,37333.0
505391,8113.0
505501,31884.0
505528,7622.0
505587,269671.0
505609,71654.0
505650,59055.0
505668,28190.0
505781,17730.0
505862,10269.0
505927,1328660.0
506192,38001.0
506214,99562.0
506320,33785.0
506451,31234.0
506460,69160.0
506486,4793.0
506494,7409.0
506621,3611.0
506664,5649.0
506699,6201.0
506702,94830.0
506711,31924.0
506729,4076.0
506737,37393.0
506753,74851.0
506761,5401.0
506770,11243.0
507016,321509.0
507091,45552.0
507105,23287.0
507113,31323.0
507181,22219.0
507237,28538.0
507261,26622.0
507270,122286.0
507334,29435.0
507377,24295.0
507423,41538.0
507458,8655.0
507504,74389.0
507547,29941.0
507580,153731.0
507610,1895.0
507628,4209.0
507644,1548.0
507652,1772.0
507695,2657.0
507717,9865.0
507733,3031.0
507784,4075.0
507920,19362.0
507971,108433.0
508004,4893.0
508128,43801.0
508144,14521.0
508152,13487.0
508357,3609.0
508373,25757.0
508501,9424.0
508683,1846.0
509078,10252.0
509108,6494.0
509116,4798.0
509141,7687.0
509191,4357.0
509388,1906.0
509418,2424.0
509574,31005.0
509612,31218.0
509621,11246.0
509647,47956.0
509736,32137.0
509752,2188.0
509841,23493.0
510068,4054.0
510131,23164.0
510289,43038.0
510297,18529.0
510343,31986.0
510378,14840.0
510432,35900.0
510483,71943.0
510491,27716.0
510556,6355.0
510645,1844.0
510882,42408.0
510891,36733.0
510939,40510.0
510980,7408.0
511021,136500.0
511081,5471.0
511161,11146.0
511242,8696.0
511307,2483.0
511382,1030982.0
511412,2403.0
511587,7811.0
511633,10175.0
511935,31377.0
511951,20205.0
511986,8584.0
512028,41328.0
512176,41478.0
512184,38029.0
512192,16737.0
512231,40164.0
512281,15417.0
512401,4221.0
512532,22575.0
512745,18925.0
512800,45474.0
512826,8338.0
512869,20484.0
512877,8928.0
512893,4639.0
512907,18893.0
512923,25395.0
512974,15437.0
512982,12241.0
512991,3873.0
513032,9380.0
513041,13777.0
513059,2576.0
513067,17454.0
513075,7905.0
513105,4847.0
513113,5709.0
513130,5630.0
513148,3613.0
513164,7595.0
513181,2749.0
513199,27119.0
513202,2422.0
513211,12182.0
513229,35092.0
513237,3566.0
513261,5166.0
513270,4383.0
513288,3313.0
513369,5488.0
513393,9840.0
513415,4693.0
513423,7512.0
513431,7930.0
513458,46959.0
513482,4337.0
513491,37240.0
513504,8332.0
513512,6441.0
513521,3184.0
513539,3827.0
513547,6607.0
513555,4585.0
513571,3121.0
513580,5558.0
513628,4915.0
513636,7132.0
513644,4790.0
513661,9397.0
513695,3113.0
513709,3005.0
513717,7562.0
513733,6342.0
513750,430000.0
513768,40037.0
513873,10836.0
513890,3448.0
514047,5638.0
514055,143083.0
514152,26082.0
514161,2257.0
514195,2867.0
514276,8551.0
514446,4486.0
514471,12096.0
514497,7370.0
514527,1210.0
514705,188311.0
514772,5990.0
514802,5442.0
515191,16347.0
515329,8073.0
515418,9294.0
515477,6216.0
515787,4471.0
515825,2816.0
516201,18194.0
516350,2215.0
516619,27689.0
516635,8858.0
516686,11456.0
516694,16885.0
516864,4736.0
516899,11516.0
516911,6360.0
517101,27380.0
517151,19078.0
517208,3296.0
517224,5936.0
517275,3372.0
517321,4476.0
517437,3745.0
517445,4202.0
517534,25794.0
517569,6426.0
517585,9115.0
517607,33391.0
517615,5633.0
517666,10742.0
517747,13236.0
517836,3461.0
517844,13685.0
517887,14000.0
517909,19119.0
518026,7397.0
519031,8246.0
519146,57715.0
519651,46307.0
520047,9977.0
520306,12611.0
520420,19576.0
521531,19875.0
522775,5105.0
523453,5052.0
523640,12448.0
523704,620110.0
523917,41085.0
524891,20718.0
525227,7242.0
525588,71143.0
525804,31228.0
525880,11366.0
525979,18378.0
526169,6889.0
526622,6391.0
528196,4865.0
529303,375746.0
529451,96614.0
529478,2759.0
529486,32113.0
529516,62577.0
529524,749.0
529532,7206.0
529541,3476.0
529559,2657.0
529567,12286.0
529575,2923.0
529583,3067.0
529591,4966.0
529605,5576.0
529613,10403.0
529621,35523.0
529630,6307.0
529648,20645.0
529656,4278.0
529664,1043.0
529672,3381.0
529681,3123.0
529699,1315.0
529702,15993.0
529711,1750.0
529729,2392.0
529737,6819.0
529745,7231.0
529753,1497.0
529761,2047.0
529770,3095.0
529788,2980.0
529796,26299.0
529818,11604.0
529826,2303.0
529834,3046.0
529842,20752.0
529851,2844.0
529869,1290.0
529877,1523.0
529885,2229.0
529893,1870.0
529907,4141.0
529915,1519.0
529923,2600.0
529931,11047.0
529940,6308.0
529958,21338.0
529966,3491.0
529974,8854.0
529982,4340.0
529991,17132.0
530000,9521.0
530018,1636.0
530026,1944.0
530034,7391.0
530042,1641.0
530051,15583.0
530069,4212.0
530085,1670.0
530093,12617.0
530107,15204.0
530115,16636.0
530123,2371.0
530131,4963.0
530140,4387.0
530158,7974.0
530166,19445.0
530174,3851.0
530182,9635.0
530191,4810.0
530204,17032.0
530212,23832.0
530221,2435.0
530239,1873.0
530247,3213.0
530255,326.0
530263,14120.0
530271,2131.0
530280,5407.0
530298,25209.0
530301,11970.0
530310,57256.0
530328,3472.0
530336,6008.0
530344,27321.0
530352,8195.0
530361,1081.0
530379,3045.0
530387,3818.0
530395,4613.0
530409,6856.0
530417,2338.0
530425,3723.0
530433,8653.0
530441,27283.0
530450,27784.0
530468,17882.0
530476,12608.0
530484,10523.0
530492,7330.0
530506,4436.0
530514,2873.0
530522,5817.0
530531,7611.0
530549,4057.0
530557,2810.0
530565,1987.0
530573,65356.0
530581,6647.0
530590,12153.0
530603,1806.0
530611,5978.0
530620,8886.0
530638,8375.0
530646,5195.0
530654,4111.0
530662,2971.0
530671,1243.0
530689,17802.0
530697,2783.0
530701,7240.0
530719,2175.0
530727,14425.0
530735,4124.0
530743,4543.0
530751,7569.0
530760,10361.0
530778,4603.0
530786,4525.0
530794,4864.0
530808,4150.0
530816,30487.0
530824,5013.0
530832,2470.0
530841,125077.0
530859,6127.0
530867,7533.0
530875,2748.0
530883,270901.0
530891,11407.0
530905,103520.0
530913,8550.0
530921,8227.0
530930,3260.0
530948,21609.0
530956,2786.0
530964,601.0
530972,2551.0
530981,5836.0
530999,8230.0
531006,7070.0
531014,1743.0
531022,12135.0
531031,3450.0
531049,8512.0
531057,428253.0
531065,2922.0
531073,6967.0
531081,20147.0
531090,6572.0
531103,8665.0
531111,4063.0
531120,10014.0
531138,24286.0
531146,16265.0
531154,16259.0
531162,5939.0
531171,18866.0
531189,154066.0
531197,11752.0
531201,37763.0
531219,8091.0
531227,27805.0
531235,5225.0
531243,36803.0
531251,10603.0
531260,2158.0
531278,4081.0
531286,8665.0
531294,38886.0
531308,4236.0
531316,17607.0
531324,55724.0
531332,5016.0
531341,8795.0
531359,8908.0
531367,2586.0
531375,14082.0
531383,1674.0
531391,1622.0
531405,4377.0
531413,2583.0
531421,2391.0
531430,8924.0
531448,11989.0
531456,24688.0
531464,40064.0
531472,26577.0
531481,4283.0
531499,6066.0
531502,10976.0
531511,9690.0
531529,6584.0
531537,11729.0
531545,17054.0
531553,6647.0
531561,14923.0
531570,3713.0
531588,12744.0
531596,41997.0
531600,14394.0
531618,38310.0
531626,9571.0
531634,17676.0
531642,7572.0
531651,1462.0
531669,11436.0
531677,3287.0
531685,14390.0
531693,19805.0
531707,3843.0
531715,10688.0
531723,101210.0
531731,4734.0
531740,10304.0
531758,11493.0
531766,9542.0
531774,3169.0
531782,10739.0
531791,9725.0
531804,3567.0
531812,12553.0
531821,17152.0
531839,18694.0
531847,21428.0
531855,24861.0
531863,6809.0
531871,4536.0
531880,3485.0
531898,6047.0
531901,14024.0
531910,8476.0
531928,7276.0
531936,3537.0
531944,23631.0
531952,9893.0
531961,17157.0
531979,17206.0
531987,1695.0
531995,31929.0
532002,11188.0
532011,91830.0
532029,47533.0
532037,4769.0
532045,7311.0
532053,1580861.0
532061,11900.0
532070,3481.0
532088,8009.0
532096,1904.0
532100,6521.0
532118,41901.0
532126,22962.0
532134,2910.0
532142,19678.0
532151,1768.0
532169,66888.0
532177,12681.0
532185,15651.0
532193,8375.0
532207,22013.0
532215,25111.0
532223,32453.0
532231,863.0
532258,1283.0
532266,2105.0
532274,22570.0
532282,10390.0
532291,7117.0
532304,1939.0
532312,13415.0
532321,5660.0
532339,12173.0
532347,24356.0
532355,10893.0
532363,10436.0
532371,39920.0
532380,2357.0
532398,5690.0
532401,6246.0
532410,8674.0
532428,5729.0
532436,2287.0
532444,28184.0
532452,38677.0
532461,23497.0
532479,6531.0
532487,12261.0
532495,13379.0
532509,1419.0
532517,1867.0
532525,13857.0
532533,10917.0
532541,3062.0
532550,6414.0
532568,5148.0
532576,67318.0
532584,11290.0
532592,4849.0
532606,1567.0
532614,2194.0
532622,8941.0
532631,8848.0
532649,6229.0
532657,8405.0
532665,9085.0
532673,11220.0
532681,17000.0
532690,2757.0
532711,3177.0
532720,42656.0
532738,11257.0
532746,1369.0
532754,7027.0
532762,9949.0
532771,8180.0
532789,15417.0
532797,7332.0
532801,6979.0
532819,351561.0
532827,11551.0
532835,42852.0
532843,1478.0
532851,17341.0
532860,126561.0
532878,1299.0
532886,4227.0
532894,9377.0
532908,15710.0
532916,4415.0
532924,16311.0
532932,734.0
532941,4756.0
532959,12705.0
532967,4616.0
532975,11117.0
532983,54268.0
532991,22986.0
533009,8625.0
533017,94243.0
533025,35868.0
533033,21238.0
533041,68162.0
533050,44191.0
533068,17342.0
533076,4686.0
533084,5289.0
533092,12359.0
533106,8027.0
533114,51617.0
533122,19335.0
533131,637.0
533149,18054.0
533157,13891.0
533165,706442.0
533173,4909.0
533181,22934.0
533190,6217.0
533203,170734.0
533211,7079.0
533220,15316.0
533238,13604.0
533246,37066.0
533254,6968.0
533262,40038.0
533271,156477.0
533289,16824.0
533297,10221.0
533301,12524.0
533319,2081.0
533327,11774.0
533335,7269.0
533343,11029.0
533351,15453.0
533360,10207.0
533378,14287.0
533386,21297.0
533394,18556.0
533408,13726.0
533416,80663.0
533424,42184.0
533432,16395.0
533441,18437.0
533459,8308.0
533467,10271.0
533475,6510.0
533483,6607.0
533491,13515.0
533505,7284.0
533513,6756.0
533521,14334.0
533530,27628.0
533548,8228.0
533556,6492.0
533564,20661.0
533572,18107.0
533581,39244.0
533599,13829.0
533602,5488.0
533611,15677.0
533629,25739.0
533637,7968.0
533645,10278.0
533653,12375.0
533661,10898.0
533670,19047.0
533688,10831.0
533696,4170.0
533700,36538.0
533718,27329.0
533726,12678.0
533734,10494.0
533742,6978.0
533751,10626.0
533769,20795.0
533777,10247.0
533785,18919.0
533793,2255.0
533807,45826.0
533815,8265.0
533823,5428.0
533831,48599.0
533840,51405.0
533858,30860.0
533866,24028.0
533874,3340.0
533882,11122.0
533891,8085.0
533904,13692.0
533912,3210.0
533921,42581.0
533939,2100.0
533947,34646.0
533955,478138.0
533963,2627.0
533971,13732.0
533980,9641.0
533998,28043.0
534005,231576.0
534013,8711.0
534021,15725.0
534030,9932.0
534048,5532.0
534056,8852.0
534064,5673.0
534072,6570.0
534081,5663.0
534099,16557.0
534102,16146.0
534111,3757.0
534129,18352.0
534137,10774.0
534145,4895.0
534153,8996.0
534161,15061.0
534170,3811.0
534188,21848.0
534196,18282.0
534200,21406.0
534218,2223.0
534226,4820.0
534234,2150.0
534242,19884.0
534251,4337.0
534269,3232.0
534277,6694.0
534285,4425.0
534293,3699.0
534307,3529.0
534315,6779.0
534323,2498.0
534331,14351.0
534340,8352.0
534358,12498.0
534366,5590.0
534374,3182.0
534382,86032.0
534391,3441.0
534404,2486.0
534412,5966.0
534421,5822.0
534439,25055.0
534447,13930.0
534455,5156.0
534463,5256.0
534471,8563.0
534480,13838.0
534498,70656.0
534501,10752.0
534510,14398.0
534528,11352.0
534536,5329.0
534544,5664.0
534552,5761.0
534561,10961.0
534579,13742.0
534587,68410.0
534595,18660.0
534609,9957.0
534617,31692.0
534625,14325.0
534633,111261.0
534641,7853.0
534650,15709.0
534668,29761.0
534676,440623.0
534684,5806.0
534692,10329.0
534706,4688.0
534714,9375.0
534722,29301.0
534731,26590.0
534749,14188.0
534757,4283.0
534765,31775.0
534773,9809.0
534781,19924.0
534790,29132.0
534803,17675.0
534811,4573.0
534820,10554.0
534838,11602.0
534846,11106.0
534854,2780.0
534862,5806.0
534871,6280.0
534889,3904.0
534897,28690.0
534901,8577.0
534919,4873.0
534927,24591.0
534935,82576.0
534943,6544.0
534951,405991.0
534960,5609.0
534978,13908.0
534986,9479.0
534994,4461.0
535001,23548.0
535010,7251.0
535028,31947.0
535036,22198.0
535044,21006.0
535052,33078.0
535061,9581.0
535079,39079.0
535087,372844.0
535095,3033.0
535109,4096.0
535117,22794.0
535125,3939.0
535133,28520.0
535141,10413.0
535150,2887.0
535168,14487.0
535176,5931.0
535184,7528.0
535192,10437.0
535206,56926.0
535214,9185.0
535222,44258.0
535231,3377.0
535249,6927.0
535257,19930.0
535265,22680.0
535273,43691.0
535281,6772.0
535290,17465.0
535303,20121.0
535311,7762.0
535320,49693.0
535338,19198.0
535346,8630.0
535354,8768.0
535362,19742.0
535371,4930.0
535389,9775.0
535397,11340.0
535401,4641.0
535419,1006604.0
535427,112069.0
535435,8176.0
535443,111051.0
535451,165214.0
535460,1698.0
535478,20643.0
535486,7546.0
535494,9512.0
535508,6310.0
535516,10102.0
535524,3593.0
535532,76029.0
535541,5800.0
535559,23087.0
535567,8885.0
535575,2180.0
535583,19669.0
535591,6001.0
535605,15537.0
535613,2415.0
535621,19276.0
535630,16482.0
535648,15713.0
535656,8930.0
535664,6336.0
535672,73757.0
535681,2628.0
535699,6342.0
535702,58553.0
535711,4953.0
535729,7295.0
535737,10842.0
535745,5804.0
535753,11802.0
535761,6381.0
535770,7910.0
535788,8036.0
535796,7346.0
535800,10364.0
535818,11588.0
535826,16243.0
535834,5203.0
535842,2186.0
535851,3331.0
535869,15103.0
535877,6882.0
535885,10023.0
535893,8446.0
535907,5152.0
535915,654.0
535923,9446.0
535931,22379.0
535940,4816.0
535958,6327.0
535966,8896.0
535974,10119.0
535982,6645.0
535991,13180.0
536008,18762.0
536016,9872.0
536024,19460.0
536032,1270.0
536041,42603.0
536059,3104.0
536067,9649.0
536075,3981.0
536083,4736.0
536091,19366.0
536105,2464.0
536113,4495.0
536121,10175.0
536130,10528.0
536148,65605.0
536156,2324.0
536164,4583.0
536172,12353.0
536181,19596.0
536199,2643.0
536202,7887.0
536211,3268.0
536229,1814.0
536237,1707.0
536245,6625.0
536253,6669.0
536261,6617.0
536270,44731.0
536288,15646.0
536296,3214.0
536300,3051.0
536326,194844.0
536334,3960.0
536342,2184.0
536351,8926.0
536369,1649.0
536377,5031.0
536385,269333.0
536393,13946.0
536407,5112.0
536415,848.0
536423,877.0
536431,6114.0
536440,17098.0
536458,10452.0
536466,6623.0
536474,2452.0
536482,1471.0
536491,17090.0
536504,1348.0
536512,4341.0
536521,29611.0
536539,1497.0
536547,2538.0
536555,2895.0
536563,5470.0
536571,12435.0
536580,15490.0
536598,5347.0
536601,3730.0
536610,14994.0
536628,2132.0
536636,8832.0
536644,3256.0
536652,14772.0
536661,11379.0
536679,1799.0
536687,13902.0
536695,2323.0
536709,5945.0
536717,3955.0
536725,2590.0
536733,16954.0
536741,3528.0
536750,2565.0
536768,7748.0
536776,3347.0
536784,2636.0
536792,1727.0
536806,3562.0
536814,7082.0
536822,2728.0
536831,1849.0
536849,9348.0
536857,8326.0
536865,5478.0
536873,1490.0
536881,6931.0
536890,2852.0
536903,1203.0
536911,1697.0
536920,5009.0
536938,14235.0
536946,2097.0
536954,1653.0
536962,5134.0
536971,29576.0
536989,8411.0
536997,7139.0
537004,336447.0
537021,19653.0
537039,18985.0
537047,7993.0
537055,13987.0
537063,1232.0
537071,4458.0
537080,11332.0
537098,5067.0
537101,4861.0
537110,12188.0
537128,19296.0
537136,1140.0
537144,1775.0
537152,16678.0
537161,5685.0
537179,12350.0
537187,1919.0
537195,1345.0
537209,6157.0
537217,9537.0
537225,7270.0
537233,11589.0
537241,2340.0
537250,7219.0
537268,7511.0
537276,12420.0
537284,14294.0
537292,11435.0
537306,1964.0
537314,18410.0
537322,913.0
537331,40352.0
537349,8109.0
537357,28010.0
537365,1093.0
537373,18189.0
537381,3560.0
537390,16783.0
537403,8216.0
537411,30039.0
537420,3907.0
537438,29281.0
537446,28184.0
537454,203684.0
537462,8671.0
537489,66097.0
537497,6693.0
537501,210768.0
537519,6602.0
537527,1009.0
537535,1598.0
537543,2668.0
537551,6959.0
537560,3681.0
537578,9888.0
537586,19534.0
537594,2329.0
537608,5088.0
537616,12382.0
537624,11137.0
537632,14197.0
537641,103359.0
537659,9988.0
537667,8843.0
537675,12485.0
537683,315412.0
537691,3315.0
537705,31783.0
537713,28798.0
537721,26233.0
537730,1654.0
537748,13135.0
537756,36906.0
537764,72903.0
537772,11229.0
537781,24623.0
537799,4302.0
537802,11904.0
537811,20656.0
537829,1641.0
537837,14197.0
537845,2298.0
537853,12179.0
537861,11634.0
537870,12513.0
537888,13670.0
537896,19751.0
537900,7064.0
537918,43894.0
537926,17455.0
537934,6545.0
537942,7141.0
537951,2188.0
537969,16980.0
537977,10258.0
537985,15449.0
537993,8198.0
538001,6563.0
538019,6461.0
538027,3414.0
538035,9991.0
538043,17606.0
538051,36909.0
538086,15959.0
538094,395950.0
538108,14654.0
538116,7999.0
538132,259803.0
538141,13214.0
538159,11990.0
538167,21438.0
538183,2074.0
538191,14979.0
538221,22522.0
538230,43987.0
538248,15171.0
538256,27683.0
538264,21024.0
538272,50706.0
538281,5370.0
538299,89588.0
538311,63924.0
538329,8815.0
538337,16094.0
538345,16615.0
538370,13446.0
538396,6932.0
538418,4584.0
538426,26308.0
538434,37152.0
538442,48957.0
538451,19499.0
538469,7244.0
538477,35831.0
538485,25830.0
538493,71587.0
538507,27404.0
538515,24242.0
538523,46237.0
538540,50324.0
538558,17108.0
538566,8664.0
538574,124756.0
538582,32071.0
538591,31310.0
538604,12962.0
538612,10769.0
538621,11950.0
538639,6236.0
538647,19289.0
538655,16464.0
538663,3797.0
538671,28105.0
538680,37868.0
538698,7638.0
538701,18321.0
538710,9494.0
538728,313911.0
538744,28252.0
538752,24952.0
538761,16213.0
538779,15105.0
538787,9392.0
538795,11783.0
538809,46294.0
538817,3977.0
538825,16137.0
538833,34540.0
538841,23123.0
538850,18150.0
538868,4292.0
538876,64118.0
538884,32315.0
538892,16499.0
538906,5838.0
538914,28331.0
538922,5631.0
538957,135479.0
538965,25518.0
538973,6725.0
538981,56965.0
538990,11754.0
539015,12423.0
539023,9201.0
539031,15971.0
539040,13509.0
539058,59716.0
539066,59471.0
539074,4873.0
539082,10497.0
539091,10283.0
539104,9798.0
539112,10910.0
539121,7695.0
539139,142558.0
539147,6448.0
539155,21453.0
539163,33140.0
539171,11560.0
539180,7350.0
539198,75965.0
539201,18555.0
539210,71660.0
539228,31785.0
539236,77033.0
539244,163262.0
539252,40805.0
539261,9779.0
539279,50781.0
539287,7875.0
539295,18014.0
539309,47745.0
539317,27119.0
539325,153932.0
539333,95967.0
539341,14396.0
539350,32184.0
539368,29247.0
539376,2820.0
539384,12701.0
539392,19002.0
539406,28545.0
539414,75945.0
539422,26443.0
539431,7141.0
539457,12916.0
539473,2767.0
539481,9404.0
539490,16551.0
539503,24434.0
539511,14193.0
539520,19612.0
539538,2942.0
539546,12624.0
539554,5137.0
539562,6793.0
539571,57472.0
539597,74347.0
539619,2946.0
539627,171059.0
539643,73609.0
539651,22693.0
539660,17635.0
539686,26745.0
539708,23269.0
539716,4866.0
539732,39898.0
539741,10909.0
539759,29084.0
539767,30151.0
539775,15795.0
539783,7619.0
539805,14958.0
539813,58628.0
539821,9203.0
539830,11140.0
539848,52804.0
539856,35610.0
539872,23442.0
539881,26867.0
539902,35597.0
539911,773460.0
539929,1126.0
539937,5217.0
539945,6395.0
539953,38372.0
539961,77867.0
539970,7781.0
539988,6797.0
539996,591.0
540005,4726.0
540013,81788.0
540021,6957.0
540030,54308.0
540048,6740.0
540056,3143.0
540064,2551.0
540072,8344.0
540081,6887.0
540099,9197.0
540102,2544.0
540111,193974.0
540129,19403.0
540137,1103.0
540145,12179.0
540153,9138.0
540161,7428.0
540170,7238.0
540188,5638.0
540196,69228.0
540200,2008.0
540218,24005.0
540226,39562.0
540234,20554.0
540242,13261.0
540251,2968.0
540269,5571.0
540285,8961.0
540293,3361.0
540307,3475.0
540315,18195.0
540323,10185.0
540331,12577.0
540340,7721.0
540358,5435.0
540366,8750.0
540374,8193.0
540382,60633.0
540391,11841.0
540404,51193.0
540412,4686.0
540421,2231.0
540439,20260.0
540447,10763.0
540463,1240.0
540471,217081.0
540480,28613.0
540498,28897.0
540501,72645.0
540510,24968.0
540528,3057.0
540536,8309.0
540544,31948.0
540552,24357.0
540561,12830.0
540579,3998.0
540587,2637.0
540595,7768.0
540609,14113.0
540617,3550.0
540625,13312.0
540633,6654.0
540641,4884.0
540650,16243.0
540668,5436.0
540676,3802.0
540684,23441.0
540692,2554.0
540706,2100.0
540714,20462.0
540722,5269.0
540731,5118.0
540749,7314.0
540757,48658.0
540765,112840.0
540773,72191.0
540781,15503.0
540790,12956.0
540803,1123.0
540811,16929.0
540820,10530.0
540846,14267.0
540854,11230.0
540862,72693.0
540871,15055.0
540889,23050.0
540897,5092.0
540901,43503.0
540919,17730.0
540927,462.0
540935,28128.0
540943,5757.0
540951,14303.0
540960,6065.0
540978,58219.0
540986,39278.0
541001,669.0
541010,4795.0
541028,8337.0
541036,14798.0
541044,30825.0
541052,13387.0
541061,4251.0
541079,42525.0
541087,11987.0
541095,2779.0
541109,26393.0
541117,15703.0
541125,9773.0
541133,10800.0
541141,1515.0
541150,16567.0
541168,46359.0
541176,9042.0
541192,3784.0
541206,17896.0
541214,11579.0
541222,27328.0
541231,99123.0
541249,30112.0
541257,8161.0
541265,61983.0
541273,5063.0
541281,170045.0
541290,5770.0
541303,30606.0
541311,5356.0
541320,8545.0
541338,29752.0
541346,9914.0
541354,318507.0
541362,6142.0
541371,7579.0
541389,9081.0
541397,14942.0
541401,2888.0
541419,7215.0
541427,14625.0
541435,2876.0
541443,2755.0
541451,5268.0
541460,3433.0
541478,18470.0
541486,3359.0
541494,6033.0
541508,15132.0
541516,14658.0
541524,8782.0
541532,5090.0
541541,12688.0
541559,4680.0
541567,6650.0
541575,29506.0
541583,7372.0
541591,18708.0
541605,5533.0
541613,7586.0
541621,10902.0
541630,620299.0
541648,21291.0
541656,369811.0
541664,9364.0
541672,4564.0
541681,3217.0
541699,20388.0
541702,9598.0
541711,22448.0
541729,10044.0
541737,11041.0
541745,2717.0
541753,5242.0
541761,6206.0
541770,13288.0
541788,6475.0
541796,3712.0
541800,42292.0
541818,14283.0
541826,2570.0
541834,38476.0
541842,4294.0
541851,2665.0
541869,1756.0
541877,23326.0
541885,7541.0
541893,19006.0
541907,12282.0
541915,4384.0
541923,4032.0
541931,2869.0
541940,5911.0
541958,4671.0
541966,10073.0
541974,13768.0
541982,15513.0
541991,44454.0
542008,2552.0
542016,15206.0
542024,4564.0
542032,21435.0
542041,42176.0
542059,1140.0
542067,9612.0
542075,6336.0
542083,2144.0
542091,1547.0
542105,20104.0
542113,12055.0
542121,18236.0
542130,9436.0
542148,1514.0
542156,5211.0
542164,121125.0
542172,5246.0
542181,3490.0
542199,12841.0
542202,8584.0
542211,6385.0
542229,5898.0
542237,5898.0
542245,49.0
542253,4281.0
542261,30.0
542270,6614.0
542288,3370.0
542296,4630.0
542300,101.0
542318,4604.0
542326,16420.0
542334,19944.0
542342,1698.0
542351,31720.0
542369,5504.0
542377,24542.0
542385,3356.0
542393,4606.0
542407,8067.0
542415,16627.0
542423,6357.0
542431,6771.0
542440,2018.0
542458,7770.0
542466,11053.0
542474,11690.0
542482,3240.0
542491,3719.0
542504,3088.0
542512,10670.0
542521,3383.0
542539,4572.0
542547,6338.0
542555,2842.0
542563,5913.0
542571,23474.0
542580,8587.0
542598,7125.0
542601,7216.0
542610,11094.0
542628,31946.0
542636,2496.0
542644,36273.0
542679,54896.0
542687,55721.0
542725,31364.0
542750,48929.0
542768,54162.0
542784,49232.0
542814,45329.0
542831,16596.0
542865,46019.0
542903,18195.0
542911,61177.0
542946,22510.0
542989,60744.0
542997,9851.0
543012,4303.0
543021,14492.0
543098,19934.0
543128,21106.0
543543,5785.0
544248,24027.0
544256,2159519.0
544264,15098.0
544272,31650.0
544281,90754.0
544299,36282.0
544302,45779.0
544311,258.0
544329,7751.0
544337,8959.0
544345,7440.0
544353,5527.0
544361,12664.0
544370,41847.0
544388,37002.0
544396,33229.0
544400,9502.0
544418,17527.0
544426,35585.0
544434,13516.0
544442,31821.0
544451,7390.0
544469,7192.0
544477,49157.0
544485,114535.0
544493,29283.0
544507,16511.0
544515,34922.0
544523,18212.0
544531,10813.0
544540,4955.0
544558,35589.0
544566,61142.0
544574,9511.0
544582,6377.0
544591,16454.0
544604,3157.0
544612,8719.0
544621,12894.0
544639,21466.0
544647,6529.0
544655,13129.0
544663,50850.0
544671,12083.0
544680,6890.0
544698,38978.0
544701,4818.0
544710,2401.0
544728,14940.0
544736,53479.0
544744,8416.0
544752,6224.0
544761,13738.0
544779,95800.0
544787,41020.0
544795,48452.0
544809,14916.0
544817,7649.0
544825,7333.0
544833,2557.0
544841,384254.0
544850,20805.0
544868,58631.0
544876,3547.0
544884,17857.0
544892,17492.0
544906,7171.0
544914,13693.0
544922,18910.0
544931,11613.0
544949,51358.0
544957,1374.0
544965,4080.0
544973,22251.0
544981,56381.0
544990,31677.0
545007,18712.0
545015,11052.0
545023,13768.0
545031,3313.0
545040,2921.0
545058,573470.0
545066,44265.0
545074,25118.0
545082,9653.0
545091,4499.0
545104,11803.0
545112,6489.0
545121,30975.0
545139,17644.0
545147,10804.0
545155,18827.0
545163,57753.0
545171,113278.0
545180,4789.0
545198,38364.0
545201,186653.0
545210,22744.0
545228,40192.0
545236,66827.0
545244,13793.0
545252,125836.0
545261,14678.0
545279,11272.0
545287,23575.0
545295,2971.0
545309,9041.0
545317,7724.0
545325,9674.0
545341,82442.0
545368,9534.0
545376,7629.0
545384,13605.0
545392,307443.0
545406,31285.0
545414,19141.0
545422,4376.0
545431,23884.0
545449,12869.0
545457,18916.0
545465,29344.0
545473,26609.0
545481,30096.0
545490,23607.0
545503,11289.0
545511,49595.0
545520,18801.0
545538,4697.0
545546,27708.0
545554,36944.0
545562,164967.0
545571,62455.0
545597,14050.0
545601,40281.0
545619,29511.0
545627,10081.0
545643,10605.0
545660,11578.0
545678,15084.0
545694,6559.0
545708,7216.0
545716,5199.0
545724,14824.0
545732,4550.0
545767,8222.0
545775,9698.0
545783,10025.0
545791,3822.0
545805,7856.0
545813,5516.0
545821,90231.0
545830,90394.0
545848,59222.0
545856,12958.0
545864,16725.0
545872,9292.0
545881,502228.0
545899,8677.0
545902,6331.0
545929,9154.0
545937,5064.0
545953,7040.0
545996,7644.0
546011,18719.0
546020,5104.0
546038,17281.0
546054,12537.0
546062,2918.0
546071,8160.0
546089,79359.0
546097,21745.0
546101,16074.0
546127,174378.0
546143,14516.0
546151,16682.0
546160,4727.0
546178,1693.0
546186,4255.0
546194,2990.0
546216,4902.0
546232,3171.0
546259,4615.0
546267,6280.0
546275,2524.0
546283,4400.0
546291,4721.0
546305,2029.0
546330,5862.0
546348,5229.0
546364,12707.0
546372,4964.0
546381,5560.0
546399,2545.0
546402,9265.0
546411,6947.0
546429,2995.0
546437,2273.0
546445,7465.0
546453,4607.0
546461,47440.0
546470,3357.0
546488,2751.0
546496,19522.0
546500,24890.0
546518,2371.0
546526,6720.0
546534,4705.0
546542,50390.0
546551,5226.0
546577,8309.0
546585,12664.0
546593,18336.0
546607,15483.0
546615,33952.0
546623,12570.0
546631,15404.0
546658,3408.0
546666,14592.0
546674,39556.0
546691,3972.0
546712,11347.0
546721,4490.0
546755,1946.0
546763,2344.0
546771,3483.0
546780,6602.0
546798,75922.0
546801,53637.0
546810,3346.0
546828,866.0
546844,14859.0
546852,4942.0
546861,31466.0
546879,10012.0
546887,5803.0
546895,1674.0
546909,3112.0
546917,12237.0
546925,10266.0
546933,4037.0
546941,55804.0
546950,1052.0
546968,13954.0
546976,3247.0
546984,12940.0
546992,11035.0
547000,13952.0
547018,13154.0
547026,21203.0
547069,13222.0
547077,28951.0
547085,11696.0
547093,1081.0
547123,3966.0
547131,6610.0
547166,58114.0
547182,42219.0
547191,5273.0
547204,12625.0
547212,11473.0
547221,19359.0
547239,32734.0
547247,10081.0
547255,1716.0
547263,54193.0
547280,82331.0
547336,195927.0
547433,16322.0
547441,15941.0
547450,6255.0
547468,5622.0
547476,5680.0
547484,4284.0
547492,373384.0
547514,3672.0
547531,3620.0
547549,4467.0
547565,3462.0
547581,14900.0
547603,3596.0
547638,6771.0
547646,54141.0
547654,3967.0
547662,6570.0
547689,2509.0
547701,1637.0
547719,12887.0
547727,2192.0
547735,11686.0
547743,7927.0
547751,8398.0
547760,41093.0
547778,22619.0
547786,11856.0
547794,2002.0
547808,6188.0
547816,10822.0
547824,2660.0
547832,5505.0
547841,4141.0
547859,2692.0
547867,3570.0
547875,5260.0
547883,2174.0
547891,8532.0
547905,18279.0
547913,42643.0
547921,1757.0
547930,7220.0
547948,14359.0
547956,4249.0
547964,5471.0
547972,2294.0
547981,10792.0
547999,249896.0
548006,2052.0
548014,28971.0
548022,3994.0
548031,18225.0
548049,10551.0
548057,1485.0
548065,6076.0
548073,1449.0
548081,19075.0
548090,7816.0
548103,6244.0
548111,90078.0
548120,8107.0
548146,3456.0
548154,6864.0
548162,4238.0
548171,16304.0
548189,4366.0
548197,1525.0
548201,5204.0
548219,7937.0
548227,3455.0
548235,2240.0
548243,1591.0
548251,2481.0
548260,3625.0
548278,3086.0
548286,8937.0
548308,3154.0
548316,3679.0
548324,1838.0
548332,24120.0
548341,1211.0
548359,3141.0
548367,2827.0
548375,1938.0
548383,5454.0
548391,8918.0
548405,4589.0
548413,2852.0
548421,6554.0
548430,5671.0
548448,1984.0
548456,25284.0
548464,22517.0
548472,18981.0
548481,1315.0
548499,990.0
548502,5309.0
548511,112786.0
548529,3519.0
548537,1071.0
548545,1760.0
548553,2394.0
548561,59684.0
548570,2502.0
548588,5181.0
548596,1423.0
548600,5394.0
548618,2221.0
548626,1568.0
548634,3209.0
548642,7788.0
548651,2978.0
548669,5680.0
548677,1615.0
548685,2023.0
548693,3890.0
548707,3178.0
548715,3106.0
548723,2889.0
548731,3001.0
548740,3705.0
548758,1181.0
548766,3229.0
548774,16564.0
548782,2101.0
548791,1993.0
548804,9855.0
548812,1492.0
548821,4467.0
548839,3321.0
548847,2457.0
548855,5394.0
548863,6665.0
548871,989.0
548880,4829.0
548898,2076.0
548901,2609.0
548910,1906.0
548928,890.0
548936,9139.0
548944,2978.0
548952,3759.0
548961,2312.0
548979,2268.0
548987,1596.0
548995,3478.0
549002,4577.0
549011,6482.0
549029,2116.0
549037,4527.0
549045,4038.0
549053,5193.0
549061,2862.0
549070,2015.0
549088,1092.0
549096,7461.0
549100,2851.0
549118,1129.0
549126,2160.0
549134,3769.0
549142,15807.0
549151,4027.0
549169,4248.0
549177,5332.0
549185,1466.0
549193,2460.0
549207,3553.0
549215,25707.0
549223,3459.0
549231,68587.0
549240,683928.0
549258,19636.0
549266,29173.0
549274,1831.0
549282,5316.0
549291,8543.0
549304,6879.0
549312,3557.0
549321,3111.0
549339,22628.0
549347,24711.0
549355,4750.0
549363,18521.0
549371,5217.0
549380,12192.0
549398,5637.0
549401,27936.0
549410,6336.0
549428,10765.0
549436,7415.0
549444,8824.0
549452,24572.0
549461,19409.0
549479,6843.0
549487,15372.0
549495,13012.0
549509,9151.0
549517,33098.0
549525,4605.0
549533,17600.0
549541,4000.0
549550,5920.0
549568,6190.0
549576,201039.0
549584,27057.0
549592,36912.0
549606,5399.0
549614,2093.0
549622,17280.0
549631,16812.0
549649,30018.0
549657,3294.0
549665,41749.0
549673,15080.0
549681,7130.0
549690,4146.0
549703,7521.0
549711,8694.0
549720,20978.0
549738,8673.0
549746,32762.0
549754,8172.0
549771,112312.0
549789,7485.0
549797,6617.0
549801,11401.0
549819,34.0
549827,9131.0
549835,1126.0
549843,30637.0
549851,6279.0
549860,7633.0
549878,6272.0
549886,2241.0
549894,1427.0
549908,2873.0
549916,7284.0
549924,3909.0
549932,3743.0
549941,1087.0
549959,2204.0
549967,2342.0
549975,4593.0
549983,3362.0
549991,6810.0
550001,3452.0
550019,4443.0
550027,17713.0
550035,7738.0
550043,3233.0
550051,8111.0
550060,6555.0
550078,2397.0
550086,5207.0
550094,259389.0
550108,7696.0
550116,7287.0
550124,7032.0
550132,12168.0
550141,7524.0
550159,5769.0
550167,35312.0
550175,9717.0
550183,9173.0
550191,5683.0
550205,8701.0
550213,17032.0
550221,10985.0
550230,31797.0
550248,7446.0
550256,4958.0
550264,11515.0
550272,13938.0
550281,9683.0
550299,8086.0
550302,3739.0
550311,2065.0
550329,11444.0
550337,3579.0
550345,7128.0
550353,17574.0
550361,43284.0
550370,2184.0
550388,6001.0
550396,4363.0
550400,2865.0
550418,14651.0
550426,7658.0
550434,11384.0
550442,60058.0
550451,11760.0
550469,3727.0
550477,2338.0
550485,3710.0
550493,3464.0
550507,12392.0
550515,27015.0
550523,4733.0
550531,9401.0
550540,27949.0
550558,12897.0
550566,8639.0
550574,9139.0
550582,6573.0
550591,1783.0
550604,2729.0
550612,1186.0
550621,32079.0
550639,2419.0
550647,176381.0
550655,11100.0
550663,38748.0
550671,89538.0
550680,7950.0
550698,7050.0
550701,7231.0
550710,5771.0
550728,38752.0
550736,5276.0
550744,123893.0
550752,154055.0
550761,2807.0
550779,3633.0
550787,526655.0
550795,5454.0
550809,34890.0
550817,22731.0
550825,24289.0
550833,4720.0
550841,1333.0
550850,152158.0
550906,10744.0
550922,20540.0
550949,4423.0
550957,20977.0
550965,10460.0
550981,5992.0
551015,8167.0
551023,5755.0
551040,6781.0
551104,3964.0
551121,3651.0
551139,8959.0
551155,5714.0
551163,4351.0
551180,8395.0
551201,30156.0
551261,5187.0
551333,10615.0
551341,6417.0
551350,16719.0
551384,14980.0
551392,5907.0
551414,6397.0
551457,9630.0
551465,1183.0
551473,6309.0
551481,4078.0
551490,5066.0
551503,5698.0
551520,6797.0
551538,9496.0
551546,1600.0
551554,7951.0
551562,14778.0
551571,2248.0
551589,3550.0
551597,2634.0
551601,5753.0
551619,7184.0
551627,7388.0
551635,5763.0
551643,9850.0
551651,5572.0
551660,28340.0
551678,14345.0
551686,3759.0
551694,7798.0
551708,1833.0
551716,28882.0
551724,7311.0
551732,11916.0
551741,4967.0
551759,6081.0
551767,18921.0
551775,4296.0
551783,5809.0
551791,20346.0
551805,7531.0
551813,5065.0
551821,5381.0
551830,7302.0
551848,3162.0
551856,19047.0
551864,6373.0
551872,4894.0
551881,4507.0
551899,6996.0
551902,3199.0
551911,11775.0
551929,8542.0
551937,2737.0
551945,8574.0
551953,157234.0
551961,12553.0
551970,70350.0
551988,7351.0
551996,7259.0
552003,6954.0
552011,15533.0
552020,16037.0
552038,4732.0
552046,803819.0
552054,122696.0
552062,4960.0
552071,5191.0
552089,12930.0
552097,5274.0
552101,13941.0
552119,31088.0
552127,1304.0
552135,4688.0
552143,9035.0
552151,26226.0
552160,20617.0
552178,10373.0
552186,32071.0
552194,4615.0
552208,9796.0
552216,10044.0
552224,2421.0
552232,14471.0
552241,18554.0
552259,4939.0
552267,7874.0
552275,5585.0
552283,17640.0
552291,2904.0
552305,3359.0
552313,7140.0
552321,8580.0
552330,4390.0
552348,15513.0
552356,9947.0
552364,9034.0
552372,36066.0
552381,17743.0
552399,5177.0
552402,13158.0
552411,31233.0
552429,4437.0
552437,10610.0
552445,13638.0
552453,2693.0
552461,38677.0
552470,11557.0
552488,13770.0
552496,52991.0
552500,6474.0
552518,22892.0
552526,6057.0
552534,46162.0
552542,26437.0
552551,31229.0
552569,46834.0
552577,20417.0
552585,16837.0
552593,13818.0
552607,7370.0
552615,6042.0
552623,23128.0
552631,12595.0
552640,11571.0
552658,16330.0
552666,40856.0
552674,23185.0
552682,19380.0
552691,16792.0
552704,62148.0
552712,3107.0
552721,8607.0
552739,102180.0
552747,6708.0
552755,4699.0
552763,6539.0
552771,7578.0
552780,9726.0
552798,5219.0
552801,31888.0
552810,3875.0
552828,85338.0
552836,5035.0
552844,11020.0
552852,1825.0
552861,2674.0
552879,13120.0
552887,5799.0
552895,7745.0
552909,15682.0
552917,11086.0
552925,5230.0
552933,8628.0
552941,3613.0
552950,4531.0
552968,3523.0
552976,4658.0
552984,1248.0
552992,17052.0
553000,7408.0
553018,12151.0
553026,10672.0
553034,6097.0
553042,3593.0
553051,25211.0
553069,166001.0
553077,10728.0
553085,3556.0
553093,14366.0
553107,3552.0
553115,4482.0
553123,8771.0
553131,163228.0
553140,13444.0
553158,20974.0
553166,16009.0
553174,6645.0
553182,7500.0
553191,1916.0
553204,8314.0
553212,1077.0
553221,13273.0
553239,18029.0
553247,6465.0
553255,5578.0
553263,6014.0
553271,148458.0
553280,3598.0
553298,7132.0
553301,7844.0
553310,3525.0
553328,3911.0
553336,8435.0
553344,4537.0
553352,7498.0
553361,5841.0
553379,29960.0
553387,3206.0
553395,4188.0
553409,8592.0
553417,20652.0
553425,251114.0
553433,6799.0
553441,40871.0
553450,31163.0
553468,18344.0
553476,14201.0
553484,17260.0
553492,13440.0
553506,2185.0
553514,5351.0
553522,1884.0
553531,7716.0
553549,18017.0
553557,8684.0
553565,1048.0
553573,4191.0
553581,9399.0
553590,4553.0
553603,885.0
553611,11258.0
553620,5888.0
553638,4207.0
553646,5939.0
553654,112766.0
553662,5207.0
553671,113193.0
553689,29976.0
553697,71857.0
553701,3608.0
553719,14540.0
553727,2924.0
553735,16950.0
553743,9367.0
553751,8343.0
553760,9876.0
553778,708.0
553786,117666.0
553794,29778.0
553816,22450.0
553824,26027.0
553832,3278.0
553841,8411.0
553859,2538.0
553867,2809.0
553875,1515.0
553883,924.0
553891,7767.0
553905,6410.0
553913,25582.0
553921,2274.0
553930,3081.0
553948,13330.0
553956,6843.0
553964,4294.0
553972,6343.0
553981,26202.0
553999,5824.0
554006,6448.0
554014,87841.0
554022,3104.0
554031,3983.0
554049,14385.0
554057,5271.0
554065,15204.0
554073,13373.0
554081,4573.0
554090,5395.0
554103,4278.0
554111,37382.0
554120,12813.0
554138,25670.0
554146,4494.0
554154,7760.0
554162,3933.0
554171,47247.0
554189,4126.0
554197,24441.0
554201,4274.0
554251,4402.0
554260,8858.0
554278,9639.0
554294,73397.0
554316,5218.0
554341,9511.0
554359,12555.0
554383,8841.0
554391,2138.0
554405,3121.0
554413,5804.0
554421,3999.0
554448,1175.0
554456,18871.0
554464,21955.0
554472,3267.0
554481,751857.0
554499,297475.0
554502,27746.0
554511,20506.0
554529,125129.0
554545,36150.0
554553,49939.0
554596,6277.0
554600,34860.0
554618,16114.0
554626,15485.0
554634,52767.0
554642,309249.0
554651,7731.0
554677,8840.0
554693,7548.0
554707,11916.0
554740,45797.0
554782,28347488.0
554791,3843123.0
554804,2141088.0
554812,42951.0
554821,6850094.0
554847,8064.0
554855,8305.0
554863,8377.0
554871,11771.0
554880,19949.0
554898,11382.0
554901,36189.0
554910,19230.0
554928,96617.0
554936,9760.0
554944,14116.0
554952,6456.0
554961,1146085.0
554979,27260.0
554995,22091.0
555029,45576.0
555045,14212.0
555088,1792150.0
555134,2049475.0
555169,12651.0
555177,9371.0
555185,43440.0
555193,11793.0
555207,13360.0
555215,65432.0
555223,18139.0
555231,27469.0
555240,13817.0
555258,15978.0
555266,11496.0
555274,11224.0
555282,9008.0
555291,27372.0
555304,9647.0
555312,12613.0
555347,17663.0
555363,24025.0
555380,187062.0
555398,93803.0
555428,388234.0
555444,11324.0
555452,17848.0
555479,9588.0
555525,13481.0
555533,26928.0
555550,12999.0
555584,13796.0
555592,12320.0
555614,13509.0
555622,12639.0
555631,68895.0
555657,85642.0
555681,13199.0
555690,8398.0
555703,12029.0
555711,9025.0
555738,14133.0
555762,58179.0
555771,514964.0
555797,18784.0
555801,20828.0
555835,16503.0
555894,6785.0
555941,11911.0
556041,15776.0
556068,10207.0
556076,18976.0
556084,3490.0
556106,19326.0
556181,24213.0
556203,11173.0
556254,125578.0
556301,31122.0
556319,9653.0
556335,16674.0
556343,2643.0
556378,16871.0
556386,14123.0
556394,50148.0
556432,34544.0
556467,33040.0
556505,4340.0
556629,12431.0
556637,25796.0
556718,22785.0
556726,3006.0
556734,10003.0
556751,27460.0
556815,7887.0
556831,115027.0
556858,19932.0
556866,17500.0
556874,7541.0
556882,16558.0
556912,17578.0
556921,13694.0
556947,10999.0
556955,38002.0
556963,13909.0
556971,34567.0
556980,13340.0
556998,15008.0
557005,16944.0
557013,11097.0
557021,5623.0
557030,11739.0
557048,10504.0
557081,7037.0
557099,8762.0
557102,8460.0
557111,6228.0
557129,7759.0
557137,31083.0
557145,9396.0
557153,257437.0
557161,7693.0
557170,8377.0
557188,7163.0
557196,6087.0
557200,37402.0
557218,9410.0
557226,20361.0
557366,19924.0
557374,5525.0
557382,12861.0
557455,19971.0
557463,9786.0
557528,43745.0
557536,14111.0
557544,15159.0
557587,92696.0
557641,11516.0
557650,14622.0
557668,18713.0
557676,138200.0
557684,20257.0
557722,9456.0
557731,11679.0
557749,5421.0
557773,4983.0
557781,55001.0
557803,12740.0
557838,63243.0
557846,14656.0
557862,29626.0
557871,6680.0
557897,4353.0
557943,2535.0
557951,14464.0
557978,1173.0
558001,25512.0
558010,1754.0
558028,14903.0
558044,25807.0
558052,8348.0
558061,16273.0
558079,1497.0
558095,4167.0
558109,84746.0
558117,4241.0
558125,19286.0
558141,32257.0
558176,7277.0
558184,8072.0
558231,5502.0
558249,156046.0
558257,23997.0
558265,4767.0
558290,5812.0
558303,20608.0
558311,6660.0
558346,13630.0
558362,61360.0
558371,108270.0
558389,82141.0
558401,8267.0
558419,22366.0
558427,55452.0
558435,41085.0
558443,19866.0
558460,18874.0
558486,14267.0
558494,7642.0
558559,7447.0
558567,10515.0
558583,12798.0
558591,6195.0
558605,10407.0
558630,20159.0
558656,15167.0
558672,17795.0
558699,3549.0
558711,5750.0
558745,11913.0
558770,9169.0
558788,6161.0
558796,10138.0
558800,1073.0
558834,16315.0
558851,38032.0
558869,40919.0
558877,12887.0
558885,99875.0
558915,25952.0
558931,5655.0
558940,23386.0
558966,41282.0
558974,4668.0
558982,3069.0
558991,2960.0
559008,70703.0
559016,1646.0
559024,2947.0
559032,2884.0
559041,13808.0
559059,22879.0
559067,32301.0
559075,80046.0
559083,8307.0
559091,5301.0
559105,5265.0
559121,3295.0
559130,19873.0
559148,17384.0
559164,57279.0
559172,15590.0
559199,1309.0
559202,26863.0
559211,46208.0
559237,12694.0
559245,7507.0
559253,2516.0
559261,14210.0
559270,10461.0
559288,5709.0
559300,159619.0
559318,11310.0
559326,4599.0
559334,17308.0
559351,60505.0
559369,6012.0
559377,9206.0
559393,11931.0
559423,6013.0
559431,11436.0
559482,2336.0
559491,67301.0
559504,19590.0
559521,111308.0
559555,10177.0
559563,13016.0
559571,10153.0
559580,81383.0
559601,18453.0
559628,28995.0
559661,50383.0
559679,67875.0
559695,31788.0
559709,9555.0
559717,320644.0
559725,49645.0
559733,7693.0
559741,1421.0
559750,12652.0
559768,2893.0
559776,27738.0
559792,14176.0
559806,7548.0
559814,33340.0
559822,66085.0
559849,4878.0
559857,16936.0
559903,14143.0
559911,10017.0
559920,3606.0
559946,1584.0
559954,6445.0
559962,4129.0
559997,50578.0
560006,7045.0
560014,33827.0
560057,29386.0
560081,5976.0
560111,4624.0
560120,40302.0
560146,1544.0
560162,56916.0
560171,1003.0
560189,5818.0
560197,1525.0
560201,1949.0
560219,3926.0
560227,5248.0
560235,5597.0
560243,2669.0
560251,24906.0
560260,58281.0
560278,5033.0
560286,547984.0
560294,62113.0
560308,8224.0
560316,37908.0
560324,20284.0
560332,7429.0
560341,7188.0
560359,116356.0
560367,128661.0
560375,6605.0
560383,319365.0
560391,675.0
560405,3250.0
560413,10876.0
560421,9941.0
560430,3680.0
560448,4242.0
560456,20674.0
560464,18110.0
560472,159159.0
560481,3789.0
560499,112668.0
560502,13123.0
560511,1817.0
560529,3098.0
560537,71713.0
560545,28185.0
560553,1290.0
560561,5478.0
560570,60195.0
560588,41381.0
560596,1734.0
560600,74087.0
560618,10940.0
560626,2187.0
560634,2507.0
560642,18368.0
560651,10140.0
560669,3022.0
560677,6431.0
560685,26548.0
560707,9886.0
560715,290356.0
560723,4145.0
560740,21879.0
560758,96920.0
560782,6249.0
560804,7774.0
560812,26353.0
560839,8142.0
560855,7865.0
560863,21742.0
560898,9886.0
560901,42015.0
560910,17777.0
560928,34884.0
560952,21040.0
560979,4730.0
560987,1149.0
560995,1354.0
561002,10931.0
561011,8781.0
561029,3178.0
561037,1864.0
561045,2374.0
561053,4379.0
561061,3155.0
561070,3900.0
561088,5629.0
561096,1650.0
561100,6376.0
561118,1627.0
561126,1161.0
561134,124745.0
561142,2583.0
561151,34213.0
561169,16907.0
561177,2210.0
561185,26678.0
561193,5746.0
561207,25804.0
561215,177201.0
561223,10657.0
561231,4701.0
561240,1617.0
561258,10035.0
561266,1365.0
561274,1393.0
561282,2075.0
561291,5539.0
561304,8663.0
561312,4722.0
561321,2381.0
561339,819.0
561347,1233.0
561355,2445.0
561363,2657.0
561371,2704.0
561380,866306.0
561398,6990.0
561401,2030.0
561410,14605.0
561428,4266.0
561436,2027.0
561444,30875.0
561452,2757.0
561461,867.0
561479,101859.0
561487,1233.0
561495,117225.0
561509,1333.0
561517,3136.0
561525,2848.0
561533,39810.0
561541,13930.0
561550,1178.0
561568,2008.0
561576,2077.0
561584,11547.0
561592,14220.0
561606,15551.0
561614,5808.0
561622,3594.0
561631,84640.0
561649,3107.0
561657,1940.0
561665,18631.0
561673,2482.0
561681,91089.0
561690,914.0
561703,10940.0
561711,8875.0
561720,18119.0
561738,3395.0
561746,13353.0
561754,1324.0
561762,2081.0
561771,431.0
561789,4935.0
561797,5616.0
561801,2336.0
561819,2638.0
561827,7756.0
561835,150987.0
561843,1277.0
561851,6335.0
561860,273751.0
561878,16776.0
561886,6778.0
561894,12202.0
561908,1658.0
561916,3026.0
561924,2505.0
561932,4566.0
561941,1957.0
561959,8629.0
561967,12591.0
561975,5015.0
561983,16100.0
561991,9874.0
562009,13502.0
562017,45406.0
562025,32271.0
562033,2536.0
562041,1548.0
562050,16210.0
562068,4934.0
562076,16098.0
562084,2493.0
562092,92700.0
562106,21574.0
562114,7397.0
562122,4205.0
562131,14957.0
562149,793.0
562157,2296.0
562165,4459.0
562173,3864.0
562181,3557.0
562190,2427.0
562203,4140.0
562211,4132.0
562220,15010.0
562238,2458.0
562246,15338.0
562254,3577.0
562262,64119.0
562271,2625.0
562289,1704.0
562297,44047.0
562301,4790.0
562319,3281.0
562327,7077.0
562335,1153258.0
562343,8165.0
562351,88650.0
562360,7853.0
562378,5007.0
562386,8080.0
562394,123269.0
562408,15159.0
562416,1050.0
562424,1303.0
562432,27378.0
562441,42499.0
562459,2483.0
562467,5983.0
562475,4364.0
562483,11336.0
562491,1820.0
562505,17773.0
562513,6739.0
562521,17614.0
562530,32253.0
562548,2464.0
562556,9140.0
562564,118925.0
562572,14162.0
562581,87591.0
562599,4947.0
562602,3249.0
562611,81648.0
562629,2742.0
562637,3493.0
562645,10737.0
562653,1839.0
562661,14021.0
562670,2611.0
562688,4111.0
562696,1260.0
562700,10179.0
562718,19307.0
562726,2423.0
562734,2652.0
562742,2193.0
562751,51437.0
562769,2626.0
562777,254480.0
562785,1996.0
562793,15872.0
562807,3802.0
562815,4803.0
562823,28452.0
562831,1826.0
562840,8238.0
562858,129528.0
562866,2850.0
562874,9222.0
562882,356524.0
562891,10559.0
562904,3127.0
562912,45441.0
562921,25613.0
562939,7271.0
562947,21566.0
562955,1682.0
562963,1629.0
562971,1126390.0
562980,5267.0
562998,10267.0
563005,5421.0
563013,29613.0
563021,11954.0
563030,3401.0
563048,3249.0
563056,16333.0
563064,6339.0
563072,10518.0
563081,13987.0
563099,463309.0
563102,409082.0
563111,4903.0
563129,345787.0
563137,26649.0
563145,3352.0
563153,1666.0
563161,7379.0
563170,1280.0
563188,5250.0
563196,1458.0
563200,16490.0
563218,14017.0
563226,3304.0
563234,3665.0
563242,8973.0
563251,2889.0
563269,7568.0
563277,14170.0
563285,24954.0
563293,4650.0
563307,4585.0
563315,2294.0
563323,26806.0
563331,6727.0
563340,29221.0
563358,18422.0
563366,1687.0
563374,2899.0
563382,25972.0
563404,70294.0
563412,6645.0
563439,13356.0
563447,1979.0
563455,4092.0
563463,5980.0
563471,3154.0
563480,4160.0
563498,6901.0
563501,21908.0
563510,1033623.0
563528,7716.0
563536,7138.0
563544,2586.0
563552,75140.0
563561,13063.0
563579,19233.0
563587,3568.0
563595,30226.0
563609,23307.0
563617,4813.0
563625,1704.0
563633,21466.0
563641,23070.0
563650,3774.0
563668,22019.0
563676,5860.0
563684,5024.0
563692,40275.0
563706,25838.0
563714,11596.0
563722,1774.0
563731,16488.0
563749,42932.0
563757,24203.0
563765,3682.0
563773,3735.0
563781,17109.0
563790,57984.0
563803,12350.0
563811,82741.0
563820,151720.0
563838,62904.0
563846,2800.0
563854,19955.0
563862,11708.0
563871,143705.0
563889,2317302.0
563897,4605.0
563901,20031.0
563919,21038.0
563927,784.0
563935,20137.0
563943,2683.0
563951,1239.0
563960,63418.0
563978,2356.0
563986,13188.0
563994,12041.0
564028,172096.0
564036,11246.0
564044,62708.0
564052,5045.0
564061,64347.0
564079,5343.0
564087,4808.0
564095,172745.0
564109,21491.0
564117,140665.0
564125,4185.0
564133,14696.0
564141,7545.0
564150,1239.0
564168,10196.0
564176,7162.0
564184,17778.0
564192,4329.0
564206,10318.0
564214,2315.0
564222,1456.0
564231,31706.0
564249,4783.0
564257,2119.0
564265,87781.0
564273,2316.0
564281,15018.0
564290,24584.0
564303,15053.0
564311,6329.0
564320,2879.0
564338,1759.0
564346,4163.0
564354,29958.0
564362,3403.0
564371,64939.0
564389,3715.0
564397,17379.0
564401,3506.0
564419,3612.0
564427,20657.0
564435,9208.0
564443,7004.0
564451,4513.0
564460,19910.0
564478,5633.0
564486,23138.0
564494,30535.0
564508,6320.0
564516,6205.0
564524,4406.0
564532,12428.0
564541,6342.0
564559,4420.0
564567,548173.0
564575,27904.0
564583,3066.0
564591,57795.0
564605,3235.0
564613,9852.0
564621,27662.0
564630,5450.0
564648,9522.0
564656,47637.0
564664,1888.0
564672,7182.0
564681,5241.0
564699,3355.0
564702,1977.0
564711,31778.0
564729,8327.0
564737,2609.0
564745,12088.0
564753,8887.0
564761,5405.0
564770,5807.0
564788,1629.0
564796,3185.0
564800,7988.0
564818,8706.0
564826,5710.0
564834,6363.0
564842,5335.0
564851,20981.0
564869,9925.0
564877,37543.0
564885,7045.0
564893,13808.0
564907,22804.0
564915,9349.0
564923,14450.0
564931,3464.0
564940,10887.0
564958,6462.0
564966,4658.0
564974,14908.0
564982,24921.0
564991,12567.0
565008,5209.0
565016,8122.0
565024,11519.0
565032,10869.0
565041,2994.0
565059,10100.0
565067,20312.0
565075,7450.0
565083,32256.0
565091,6207.0
565105,2766.0
565113,7756.0
565121,34444.0
565130,2834.0
565148,12301.0
565156,13080.0
565164,80945.0
565172,9680.0
565181,4696.0
565199,2937.0
565202,1709.0
565211,11783.0
565229,203247.0
565237,7986.0
565245,16190.0
565253,17138.0
565261,4568.0
565270,2778.0
565288,2829.0
565296,4534.0
565300,12158.0
565318,39258.0
565326,1182.0
565334,3742.0
565342,8963.0
565351,2805.0
565369,1763.0
565377,1998.0
565385,2126.0
565393,9500.0
565407,1418.0
565415,14836.0
565423,1439.0
565431,30012.0
565440,2133.0
565458,13382.0
565466,3666.0
565474,5940.0
565482,7456.0
565491,12248.0
565504,2210.0
565512,1459.0
565521,10470.0
565539,7339.0
565547,2567.0
565555,295990.0
565563,6918.0
565571,9363.0
565580,5182.0
565598,6304.0
565601,5856.0
565610,16974.0
565628,6424.0
565636,4945.0
565644,10540.0
565652,1146.0
565661,1941.0
565679,23464.0
565695,16836.0
565709,205311.0
565717,67247.0
565725,2703.0
565733,4889.0
565741,13351.0
565750,2467.0
565768,42600.0
565776,18893.0
565784,5526.0
565792,12130.0
565806,5586.0
565814,64393.0
565822,1898.0
565831,19556.0
565849,34588.0
565857,11045.0
565865,7117.0
565873,3667.0
565881,9352.0
565890,11366.0
565903,7139.0
565911,6773.0
565920,2038.0
565938,5517.0
565946,11806.0
565954,8015.0
565962,33626.0
565971,426917.0
565989,8668.0
565997,9328.0
566004,11875.0
566012,5759.0
566021,22003.0
566039,7762.0
566047,4204.0
566055,6874.0
566063,7346.0
566071,2253.0
566080,2009.0
566098,4057.0
566101,1833.0
566128,4404.0
566136,8585.0
566144,4180.0
566152,14701.0
566161,2599.0
566179,3818.0
566187,12667.0
566195,8972.0
566209,2302.0
566217,14005.0
566233,11987.0
566241,12915.0
566250,2831.0
566276,1430.0
566284,13621.0
566292,5136.0
566306,16137.0
566314,54661.0
566322,31942.0
566331,741.0
566349,21064.0
566357,16427.0
566365,5564.0
566373,1632.0
566381,7793.0
566390,1678.0
566403,11759.0
566411,3617.0
566420,4656.0
566438,33247.0
566446,5970.0
566454,23111.0
566462,2645.0
566471,2400.0
566489,1663.0
566497,1203.0
566501,9149.0
566519,12729.0
566527,8057.0
566535,9458.0
566543,4182.0
566551,50060.0
566560,14896.0
566578,7722.0
566586,6517.0
566594,1949.0
566608,3009.0
566616,144242.0
566624,112009.0
566632,1785.0
566641,4213.0
566659,5648.0
566667,12823.0
566675,4244.0
566683,3596.0
566691,1486.0
566705,2097.0
566713,11499.0
566721,9246.0
566730,1336.0
566748,1584.0
566756,13542.0
566764,1531.0
566781,1656.0
566799,5747.0
566802,3357.0
566811,1325.0
566829,6648.0
566837,3178.0
566845,4165.0
566853,15707.0
566861,2771.0
566870,7343.0
566888,1491.0
566896,9000.0
566900,10187.0
566918,5315.0
566926,3894.0
566934,43140.0
566942,4827.0
566951,10984.0
566969,10285.0
566977,7509.0
566985,441021.0
566993,2193.0
567001,6887.0
567019,9720.0
567027,1529696.0
567043,39560.0
567051,4587.0
567060,28061.0
567078,5671.0
567086,6388.0
567108,1826.0
567141,13429.0
567167,9528.0
567175,48568.0
567191,2522.0
567221,4115.0
567248,4537.0
567256,584780.0
567264,85372.0
567272,16786.0
567281,12174.0
567299,4944.0
567302,10197.0
567311,110194.0
567329,10449.0
567337,54973.0
567345,9519.0
567353,5241.0
567361,5274.0
567426,10560.0
567442,1153875.0
567451,369670.0
567469,8451.0
567477,42613.0
567485,18659.0
567507,179830.0
567515,199106.0
567523,25282.0
567531,28384.0
567558,46344.0
567566,24546.0
567582,20069.0
567604,7522.0
567612,20339.0
567621,67458.0
567639,304835.0
567647,13772.0
567655,12459.0
567698,6992.0
567701,4569.0
567710,21419.0
567728,4675.0
567752,50049.0
567761,17291.0
567779,111222.0
567787,58622.0
567809,17294.0
567833,7648.0
567841,22574.0
567850,19920.0
567868,25504.0
567876,11346.0
567884,3668.0
567931,12865.0
567957,4954.0
567973,8498.0
568007,56250.0
568015,99080.0
568023,22316.0
568058,41473.0
568091,11923.0
568104,17375.0
568147,19013.0
568155,50596.0
568163,6559.0
568180,6084.0
568198,3244.0
568201,30010.0
568210,58147.0
568228,29613.0
568236,15705.0
568244,34052.0
568261,14596.0
568279,6102.0
568287,3200.0
568295,15555.0
568309,19780.0
568317,11378.0
568333,14473.0
568341,8115.0
568350,49398.0
568368,12853.0
568376,13945.0
568384,5167.0
568392,29882.0
568406,16993.0
568414,543284.0
568422,24038.0
568431,13383.0
568449,13496.0
568457,5897.0
568465,2974.0
568473,20930.0
568481,20877.0
568490,4032.0
568503,23187.0
568511,16995.0
568520,7496.0
568538,9184.0
568546,42428.0
568554,26703.0
568562,7764.0
568571,3800.0
568589,13396.0
568597,9076.0
568601,20403.0
568619,3456.0
568635,60466.0
568643,14611.0
568651,30065.0
568660,21740.0
568678,25207.0
568686,16197.0
568694,13096.0
568708,11945.0
568716,16905.0
568724,5244.0
568732,22929.0
568741,15740.0
568759,218291.0
568767,2921.0
568775,22261.0
568783,1699.0
568791,19694.0
568805,6721.0
568813,21823.0
568821,8730.0
568830,39466.0
568848,5826.0
568856,2760.0
568864,31651.0
568872,19207.0
568881,3650.0
568899,3820.0
568902,17633.0
568911,6300.0
568929,11996.0
568937,3248.0
568945,36792.0
568953,5185.0
568961,10322.0
568970,2155.0
568988,125898.0
568996,1807.0
569003,13915.0
569011,13499.0
569020,19569.0
569038,25003.0
569046,14904.0
569054,3454.0
569062,14090.0
569071,4618.0
569089,15511.0
569097,5658.0
569101,4978.0
569119,11076.0
569127,3698.0
569135,6803.0
569143,9772.0
569151,2517.0
569160,12805.0
569178,7476.0
569186,29310.0
569194,3595.0
569208,4182.0
569216,7543.0
569224,8120.0
569232,4353.0
569241,2939.0
569259,6018.0
569267,4947.0
569275,4926.0
569283,3321.0
569291,17347.0
569305,13094.0
569313,2922.0
569321,90900.0
569330,3816.0
569348,8708.0
569356,56738.0
569364,3545.0
569372,4178.0
569381,9095.0
569399,11648.0
569402,3889.0
569411,1442.0
569429,7163.0
569437,13776.0
569445,50958.0
569453,13438.0
569461,4200.0
569470,6031.0
569488,7094.0
569496,5577.0
569500,16828.0
569518,15461.0
569526,9263.0
569534,5544.0
569542,9927.0
569551,6399.0
569569,155292.0
569577,8425.0
569585,18187.0
569593,40121.0
569607,3561.0
569615,8302.0
569623,3698.0
569631,38538.0
569640,11686.0
569658,15722.0
569666,22123.0
569674,7835.0
569682,12104.0
569691,18414.0
569704,9347.0
569712,22736.0
569721,5218.0
569739,1117.0
569747,4988.0
569755,16352.0
569763,95.0
569771,3963.0
569780,70217.0
569798,7854.0
569801,8195.0
569810,2139703.0
569828,4501.0
569836,6407.0
569844,8413.0
569852,6625.0
569861,2429.0
569879,8440.0
569887,12573.0
569895,16628.0
569909,15785.0
569917,54298.0
569925,26933.0
569933,3460.0
569941,4597.0
569950,8212.0
569968,13261.0
569976,10190.0
569984,14190.0
569992,6304.0
570001,16919.0
570010,3752.0
570028,20408.0
570036,17134.0
570044,15875.0
570052,4260.0
570061,6541.0
570079,19350.0
570087,8186.0
570095,5100.0
570109,123144.0
570117,828.0
570125,5218.0
570133,10139.0
570141,7868.0
570150,4543.0
570168,9125.0
570176,7568.0
570184,8121.0
570192,8803.0
570206,13321.0
570214,7140.0
570222,4550.0
570231,20300.0
570249,19873.0
570257,3444.0
570265,11505.0
570273,6369.0
570281,3289.0
570290,3707.0
570303,8171.0
570311,12770.0
570320,15376.0
570338,5063.0
570346,16996.0
570354,2965.0
570362,11330.0
570371,13986.0
570397,13463.0
570401,5381.0
570419,7411.0
570427,4066.0
570435,9492.0
570443,8147.0
570451,52048.0
570478,21189.0
570494,9004.0
570508,161983.0
570516,7217.0
570524,7359.0
570532,10616.0
570541,3287.0
570567,5980.0
570575,5263.0
570648,13624.0
570656,23044.0
570672,41610.0
570681,7644.0
570702,3601.0
570711,4125.0
570729,2928.0
570745,14130.0
570753,2057.0
570761,2328.0
570770,3818.0
570788,23970.0
570796,8788.0
570800,13256.0
570818,4996.0
570826,104745.0
570834,23974.0
570842,6181.0
570851,11371.0
570869,35056.0
570877,68575.0
570885,10500.0
570893,4439.0
570907,4964.0
570915,2863.0
570923,2835.0
570931,41761.0
570940,5780.0
570958,6957.0
570966,8189.0
570974,6674.0
570982,6722.0
570991,2770.0
571008,9413.0
571016,2649.0
571024,7788.0
571032,3864.0
571041,130930.0
571059,5494.0
571067,2853.0
571075,1597.0
571083,10271.0
571091,38017.0
571105,8186.0
571113,29031.0
571121,6683.0
571130,4531.0
571148,3111.0
571156,3192.0
571164,532101.0
571172,2860.0
571181,11932.0
571199,3593.0
571202,14617.0
571211,12926.0
571229,3920.0
571237,4924.0
571245,9048.0
571253,5950.0
571261,10142.0
571270,7416.0
571288,5739.0
571296,2407.0
571300,3365.0
571318,4861.0
571326,6857.0
571334,1876.0
571342,6471.0
571351,15948.0
571377,5589.0
571385,111195.0
571393,228903.0
571407,4710.0
571415,1291.0
571423,2792.0
571431,4945.0
571440,17542.0
571458,4041.0
571466,9082.0
571474,10390.0
571482,3114.0
571491,45337.0
571504,7921.0
571512,2417.0
571521,3489.0
571539,72293.0
571547,28464.0
571555,1989.0
571563,9865.0
571571,18086.0
571580,5621.0
571598,2575.0
571601,7345.0
571610,13836.0
571628,7377.0
571636,7358.0
571644,3524.0
571652,3466.0
571661,31546.0
571679,1944.0
571687,2942.0
571695,7061.0
571709,3285.0
571717,5202.0
571725,1975.0
571733,3253.0
571741,3048.0
571750,3610.0
571768,19669.0
571776,58732.0
571784,46820.0
571792,8382.0
571806,6000.0
571814,11792.0
571822,6221.0
571831,28305.0
571849,4096.0
571857,7686.0
571865,4122.0
571873,14758.0
571881,2402.0
571890,2835.0
571903,13046.0
571911,37074.0
571920,6778.0
571938,5263.0
571946,5016.0
571954,10563.0
571962,16797.0
571971,3345.0
571989,5375.0
571997,1231.0
572004,5563.0
572012,2719.0
572021,2997.0
572039,6172.0
572047,1295.0
572063,6011.0
572071,33452.0
572080,48227.0
572098,18317.0
572101,9922.0
572110,4747.0
572128,2814.0
572136,4470.0
572144,2619.0
572152,8382.0
572161,38639.0
572179,31032.0
572187,3093.0
572195,916.0
572209,9081.0
572217,10839.0
572225,38680.0
572233,1571.0
572241,118845.0
572250,3143.0
572268,93821.0
572276,18316.0
572284,1243.0
572292,1577.0
572306,4232.0
572314,4146.0
572322,10512.0
572331,9621.0
572349,20284.0
572357,7688.0
572365,9666.0
572373,10381.0
572381,7360.0
572390,20633.0
572403,4265.0
572411,72842.0
572420,13621.0
572438,1445.0
572446,10835.0
572454,5339.0
572462,12590.0
572471,6933.0
572489,2773.0
572497,10013.0
572501,9479.0
572519,10271.0
572527,5638.0
572535,7721.0
572543,3389.0
572551,15814.0
572560,7137.0
572578,23264.0
572586,11386.0
572594,1605.0
572608,5232.0
572616,3672.0
572624,6131.0
572632,3855.0
572641,5563.0
572659,375006.0
572667,4518.0
572675,5616.0
572683,4642.0
572691,37915.0
572705,5185.0
572713,8731.0
572721,15006.0
572730,4329.0
572748,8912.0
572756,3225.0
572764,2067.0
572772,7500.0
572781,18073.0
572799,4966.0
572802,2934.0
572811,4582.0
572829,16142.0
572837,12834.0
572845,3164.0
572853,2204.0
572861,5674.0
572870,10371.0
572888,3488.0
572896,8986.0
572900,13143.0
572918,11758.0
572926,200392.0
572934,5082.0
572942,2084.0
572951,3502.0
572969,14521.0
572977,5478.0
572985,4504.0
572993,9034.0
573001,13237.0
573019,1032.0
573027,2917.0
573035,2140.0
573043,5699.0
573051,8301.0
573060,49652.0
573078,3077.0
573086,4808.0
573094,85096.0
573108,39364.0
573116,10774.0
573124,17825.0
573132,9087.0
573141,6355.0
573159,13160.0
573167,10618.0
573175,20722.0
573183,3603.0
573191,7407.0
573205,11351.0
573213,12890.0
573221,7218.0
573230,7069.0
573248,209990.0
573256,4416.0
573264,4505.0
573272,31149.0
573281,2056.0
573299,29305.0
573302,2158.0
573311,14217.0
573329,9724.0
573337,5111.0
573345,5772.0
573353,3403.0
573361,2133.0
573370,8744.0
573388,2371.0
573400,3600.0
573418,13457.0
573426,4293.0
573434,18920.0
573442,5743.0
573451,6139.0
573469,12517.0
573477,6702.0
573485,1942.0
573493,54611.0
573507,46856.0
573515,6704.0
573523,5828.0
573531,2769.0
573540,6428.0
573558,1455.0
573566,4756.0
573574,3514.0
573582,4095.0
573591,1655.0
573604,3585.0
573612,6424.0
573621,4850.0
573639,7587.0
573647,3211.0
573655,8962.0
573663,6578.0
573671,3164.0
573680,7359.0
573698,6085.0
573701,32712.0
573710,5396.0
573728,3840.0
573736,8299.0
573744,3419.0
573752,7488.0
573761,5313.0
573779,4655.0
573787,8337.0
573795,5274.0
573809,19960.0
573817,2713.0
573825,28167.0
573833,5993.0
573841,2855.0
573850,5586.0
573868,468635.0
573876,6460.0
573884,11974.0
573892,22605.0
573906,4420.0
573914,8149.0
573922,178574.0
573931,4871.0
573949,1381.0
573957,10767.0
573965,192077.0
573973,11096.0
573981,6853.0
573990,119346.0
574007,3391.0
574015,14749.0
574023,17021.0
574031,14466.0
574040,9065.0
574058,11241.0
574066,11090.0
574074,12106.0
574082,143125.0
574091,2256.0
574104,4415.0
574112,15978.0
574121,288455.0
574139,16429.0
574147,3813.0
574155,10163.0
574163,4362.0
574171,9248.0
574180,6208.0
574198,9686.0
574201,5757.0
574210,25248.0
574228,11955.0
574236,3255.0
574244,5058.0
574252,59600.0
574261,11990.0
574279,222561.0
574287,17892.0
574295,7409.0
574309,4895.0
574317,8407.0
574325,4153.0
574333,2729.0
574341,96262.0
574350,26448.0
574368,4190.0
574376,14596.0
574384,8683.0
574392,12837.0
574406,14011.0
574414,465.0
574422,6766.0
574431,5650.0
574449,3481.0
574457,6442.0
574465,14815.0
574481,24578.0
574490,9463.0
574511,6892.0
574538,39207.0
574546,23556.0
574554,16991.0
574562,16891.0
574571,8828.0
574589,7478.0
574597,4525.0
574601,8582.0
574627,2814.0
574635,5985.0
574643,10625.0
574651,11017.0
574660,9933.0
574686,14022.0
574694,12675.0
574708,5682.0
574724,4453.0
574741,6474.0
574767,77290.0
574783,5616.0
574791,5225.0
574805,22659.0
574813,4980.0
574821,1724.0
574830,9083.0
574848,31969.0
574856,23653.0
574864,9754.0
574899,51079.0
574902,8465.0
574911,45286.0
574929,19852.0
574953,9055.0
574961,6105.0
574988,147051.0
574996,44570.0
575011,21976.0
575020,1611.0
575046,4686.0
575054,23933.0
575062,7178.0
575071,71528.0
575089,16009.0
575097,4613.0
575101,6895.0
575119,5225.0
575127,3512.0
575135,5435.0
575143,7979.0
575151,4571.0
575178,14530.0
575194,9798.0
575232,11941.0
575259,4127.0
575305,11124.0
575313,9051.0
575330,2877.0
575372,24440.0
575381,3849.0
575399,40986.0
575429,56056.0
575437,22831.0
575445,21577.0
575461,5406.0
575470,2119.0
575500,207069.0
575518,4596.0
575526,1851.0
575534,13048.0
575542,3819.0
575551,12217.0
575569,5786.0
575577,19012.0
575593,31382.0
575607,30977.0
575615,4786.0
575623,12674.0
575640,81589.0
575658,10102.0
575666,6314.0
575682,30887.0
575704,35890.0
575712,7548.0
575721,15251.0
575739,12401.0
575755,4931.0
575763,7200.0
575771,9812.0
575780,5410.0
575810,3651.0
575828,5081.0
575844,6208.0
575861,3672.0
575879,6547.0
575887,5797.0
575909,4575.0
575917,1542.0
575925,10455.0
575933,3022.0
575941,9558.0
575968,7917.0
575984,6982.0
575992,7688.0
576000,8817.0
576018,5244.0
576026,14358.0
576042,3038.0
576051,20890.0
576069,259115.0
576077,23123.0
576085,8944.0
576093,4778.0
576107,14738.0
576115,5086.0
576123,12621.0
576131,48198.0
576140,8698.0
576166,5763.0
576174,4676.0
576182,38068.0
576191,23262.0
576204,16592.0
576212,40981.0
576221,12876.0
576247,13335.0
576263,19224.0
576271,157420.0
576280,2886.0
576301,42540.0
576310,5148.0
576328,2545.0
576336,22017.0
576352,6721.0
576361,141022.0
576387,3310.0
576395,5554.0
576409,4966.0
576425,33041.0
576433,7783.0
576441,6829.0
576450,16000.0
576468,14096.0
576476,11609.0
576492,13307.0
576506,5973.0
576522,3535.0
576549,3689.0
576557,5573.0
576565,11211.0
576573,10223.0
576581,10236.0
576590,71377.0
576603,4629.0
576611,6590.0
576620,11531.0
576654,11962.0
576662,15025.0
576671,21191.0
576689,13991.0
576701,50886.0
576727,9651.0
576735,2049.0
576743,5327.0
576751,8993.0
576778,24793.0
576786,19186.0
576794,2995.0
576808,50177.0
576816,8831.0
576824,15927.0
576832,5991.0
576841,7911.0
576859,142233.0
576875,6675.0
576883,106322.0
576891,15629.0
576921,14215.0
576930,5263.0
576948,3969.0
576956,10658.0
576964,198138.0
576972,5943.0
576981,25348.0
576999,19465.0
577006,13146.0
577014,5094.0
577031,4530.0
577049,2625.0
577057,12735.0
577073,15119.0
577081,34990.0
577111,1984.0
577120,42206.0
577146,13006.0
577154,21862.0
577162,40828.0
577171,11212.0
577189,5456.0
577197,127944.0
577201,4374.0
577219,16928.0
577227,4144.0
577235,38008.0
577243,11115.0
577294,22189.0
577308,131242.0
577316,36656.0
577324,9187.0
577332,11952.0
577341,14956.0
577359,25145.0
577367,4230.0
577375,8187.0
577391,5355.0
577405,26633.0
577413,20410.0
577421,5582.0
577430,9098.0
577448,1870.0
577456,67049.0
577464,6283.0
577472,28900.0
577481,2748.0
577499,22425.0
577529,15291.0
577545,16018.0
577553,41656.0
577561,3941.0
577570,4816.0
577596,12530.0
577600,2445.0
577626,328543.0
577642,4974.0
577651,21188.0
577669,9176.0
577677,12861.0
577685,8852.0
577693,30002.0
577707,11424.0
577723,5101.0
577731,389019.0
577774,8061.0
577812,3748.0
577821,2653.0
577839,22229.0
577863,30566.0
577871,7978.0
577898,3336.0
577910,10124.0
577928,36864.0
577936,19208.0
577944,21401.0
577961,7502.0
577979,3303.0
577987,12504.0
577995,44687.0
578002,3372.0
578011,2769.0
578029,7431.0
578037,6216.0
578045,6110.0
578053,2700.0
578061,1430.0
578070,2712.0
578088,3018.0
578096,19603.0
578100,2908.0
578118,3005.0
578126,5300.0
578134,20884.0
578142,1040.0
578151,27564.0
578169,4200.0
578177,1907.0
578185,23370.0
578193,65109.0
578207,12418.0
578215,6889.0
578223,1732.0
578231,15867.0
578240,2709.0
578258,17923.0
578266,3156.0
578274,9421.0
578282,30025.0
578291,8666.0
578304,2792.0
578312,2785.0
578321,2643.0
578339,14199.0
578347,232533.0
578355,22539.0
578363,7664.0
578371,2408.0
578380,33178.0
578398,5252.0
578401,10508.0
578410,997.0
578428,16454.0
578436,2499.0
578444,243351.0
578452,4814.0
578461,1500.0
578479,15121.0
578487,26416.0
578495,3741.0
578509,23260.0
578517,1291.0
578525,2475.0
578533,4782.0
578541,5179.0
578550,7404.0
578568,2779.0
578576,203749.0
578584,26468.0
578592,2310.0
578606,3918.0
578614,2089.0
578622,3779.0
578631,7468.0
578649,3671.0
578657,25476.0
578665,3331.0
578673,15008.0
578681,7615.0
578690,5555.0
578703,4002.0
578711,13545.0
578720,11529.0
578738,21506.0
578746,5425.0
578754,5202.0
578762,3147.0
578771,2822.0
578789,23036.0
578797,2685.0
578801,5783.0
578819,5164.0
578827,3204.0
578835,2016.0
578843,8381.0
578851,8931.0
578860,3019.0
578878,9440.0
578886,9862.0
578894,11512.0
578908,21349.0
578916,2226.0
578924,1497.0
578932,21467.0
578941,6597.0
578959,3621.0
578967,9265.0
578975,10458.0
578983,5482.0
578991,768.0
579009,5053.0
579017,2072.0
579025,704487.0
579033,3585.0
579041,16789.0
579050,20979.0
579068,30605.0
579076,3523.0
579084,1985.0
579092,9164.0
579106,8845.0
579114,16800.0
579122,22076.0
579131,8846.0
579149,5797.0
579157,15038.0
579165,16779.0
579173,8497.0
579181,8507.0
579190,15636.0
579203,363986.0
579211,22274.0
579220,21230.0
579238,10033.0
579246,2262.0
579254,7934.0
579262,23870.0
579271,6797.0
579289,1060.0
579297,105052.0
579301,4907.0
579319,23254.0
579327,13437.0
579335,14110.0
579343,1340.0
579351,17966.0
579360,4288.0
579378,13108.0
579386,4658.0
579394,11775.0
579408,5755.0
579416,5753.0
579424,13284.0
579432,38677.0
579441,4343.0
579459,7551.0
579467,2467.0
579475,8317.0
579483,4092.0
579491,3560.0
579505,3175.0
579513,34874.0
579530,3879.0
579548,51591.0
579556,29583.0
579564,14839.0
579581,14476.0
579599,27193.0
579602,12741.0
579629,23558.0
579637,68562.0
579645,49632.0
579661,11380.0
579696,4299.0
579726,8324.0
579734,48451.0
579742,27300.0
579751,1780.0
579769,9476.0
579777,132311.0
579785,27447.0
579793,4979.0
579815,30841.0
579823,11076.0
579831,8969.0
579858,289358.0
579866,4231.0
579874,77586.0
579891,331728.0
579947,31383.0
579963,5191.0
579971,25523.0
579980,9425.0
579998,4222.0
580015,70617.0
580023,8810.0
580031,365512.0
580040,12657.0
580058,13306.0
580066,3457.0
580074,15816.0
580091,11224.0
580112,30542.0
580121,58599.0
580147,38548.0
580163,7435.0
580210,7728.0
580228,4736.0
580261,19224.0
580279,23123.0
580295,11135.0
580325,39334.0
580333,14085.0
580341,7908.0
580350,202135.0
580376,72153.0
580392,15930.0
580406,5780.0
580414,7280.0
580422,7607.0
580431,20583.0
580465,7851.0
580481,101887.0
580490,7203.0
580503,22464.0
580511,227185.0
580538,144171.0
580562,3894.0
580571,12385.0
580589,17249.0
580619,7497.0
580627,25585.0
580635,16307.0
580643,13649.0
580651,12389.0
580660,5670.0
580678,3015.0
580686,20820.0
580694,21773.0
580708,6889.0
580716,14871.0
580724,6598.0
580732,14750.0
580741,5197.0
580759,7798.0
580767,5613.0
580775,11732.0
580783,1717.0
580805,6094.0
580821,7663.0
580830,1482.0
580848,35898.0
580872,15564.0
580881,6046.0
580902,3424.0
580929,9558.0
580945,9521.0
580961,21364.0
580970,12919.0
580988,2448.0
580996,3812.0
581003,2834.0
581011,4209.0
581038,4766.0
581046,19575.0
581054,13850.0
581062,12468.0
581071,18117.0
581089,7054.0
581101,6426.0
581119,16726.0
581127,2320.0
581143,7541.0
581151,17316.0
581178,22038.0
581186,282239.0
581194,2031.0
581208,17474.0
581216,5305.0
581224,16657.0
581232,4231.0
581259,138168.0
581267,6646.0
581275,20933.0
581283,470308.0
581291,106850.0
581313,5558.0
581321,4367.0
581330,14689.0
581356,9656.0
581364,29206.0
581372,259067.0
581381,8086.0
581402,5471.0
581429,18785.0
581437,1556.0
581445,8396.0
581453,10506.0
581461,4620.0
581470,17011.0
581496,45908.0
581500,8233.0
581518,5150.0
581526,2763.0
581534,4360.0
581542,29840.0
581551,27862.0
581569,8824.0
581577,1799.0
581593,2895.0
581615,3549.0
581631,6109.0
581666,8782.0
581682,61858.0
581721,4067.0
581739,19485.0
581755,7901.0
581763,19994.0
581771,2735.0
581780,7515.0
581798,3362.0
581801,11454.0
581810,5048.0
581828,18144.0
581836,4293.0
581844,1210.0
581852,3316.0
581861,6344.0
581879,61851.0
581887,3615.0
581909,8864.0
581917,154901.0
581925,8873.0
581933,3022.0
581941,879.0
581950,25187.0
581968,28343.0
581976,31142.0
581992,2310.0
582018,43359.0
582026,1111.0
582034,3193.0
582042,4519.0
582069,3596.0
582077,4069.0
582085,9986.0
582107,4728.0
582115,6915.0
582123,2618.0
582131,12889.0
582158,39268.0
582166,22160.0
582174,2911.0
582182,25128.0
582191,5358.0
582204,3219.0
582212,13034.0
582221,6220.0
582239,84155.0
582247,29140.0
582255,5035.0
582263,5036.0
582271,12055.0
582280,3474.0
582298,20785.0
582310,13930.0
582328,12309.0
582336,14002.0
582344,2424.0
582352,21520.0
582379,2920.0
582395,10284.0
582409,9716.0
582417,6388.0
582433,7225.0
582441,40204.0
582450,2547.0
582468,20232.0
582476,17200.0
582484,16076.0
582492,3791.0
582506,1679.0
582531,6833.0
582557,5822.0
582565,5089.0
582573,10057.0
582581,10508.0
582590,12291.0
582603,19433.0
582611,4905.0
582620,3441.0
582646,89566.0
582654,6993.0
582662,5491.0
582671,11781.0
582689,7930.0
582701,18104.0
582727,4526.0
582735,1455.0
582743,8857.0
582751,17092.0
582760,5124.0
582778,1440.0
582786,8567132.0
582794,24734.0
582808,15031.0
582824,74500.0
582832,4184.0
582841,26307.0
582859,49126.0
582875,4291.0
582883,15856.0
582891,6461.0
582913,39565.0
582921,19784.0
582930,9667.0
582948,23165.0
582956,55050.0
582964,13943.0
582972,34093.0
582999,9708.0
583014,4396.0
583022,7046.0
583031,23418.0
583057,14638.0
583065,13257.0
583081,74978.0
583090,6249.0
583111,19217.0
583120,217479.0
583154,6280.0
583171,14702.0
583189,20443.0
583197,18202.0
583201,13964.0
583219,22733.0
583227,14005.0
583235,10190.0
583243,6436.0
583251,237811.0
583260,15973.0
583278,4891.0
583286,39019.0
583294,4967.0
583308,2704.0
583316,11018.0
583324,13185.0
583332,11747.0
583341,20706.0
583359,11126.0
583367,16348.0
583375,10711.0
583383,40256.0
583391,104742.0
583405,61868.0
583413,51298.0
583421,21816.0
583430,20339.0
583448,26628.0
583456,14633.0
583464,1840.0
583472,7195.0
583481,20284.0
583499,7478.0
583502,17498.0
583511,17723.0
583529,4656.0
583537,29537.0
583545,17368.0
583553,23595.0
583561,58026.0
583588,105623.0
583596,35280.0
583600,15172.0
583634,29227.0
583651,7413.0
583669,26945.0
583677,49727.0
583685,20879.0
583693,13019.0
583707,21236.0
583715,13548.0
583723,10764.0
583731,19003.0
583740,16596.0
583758,74947.0
583766,30237.0
583774,19166.0
583782,131780.0
583791,19803.0
583804,8304.0
583821,16779.0
583839,43226.0
583847,13022.0
583855,18082.0
583863,23495.0
583880,11996.0
583898,48408.0
583901,8230.0
583910,63726.0
583928,9846.0
583936,31832.0
583944,5881.0
583952,160130.0
583961,10560.0
583979,33390.0
583987,24311.0
583995,27889.0
584002,199876.0
584011,8188.0
584029,48113.0
584037,28375.0
584045,71653.0
584053,5866.0
584061,15812.0
584070,3183.0
584096,14846.0
584100,70137.0
584118,20603.0
584126,27905.0
584134,3809.0
584142,25414.0
584151,16326.0
584169,5013.0
584177,15165.0
584185,17030.0
584193,1308.0
584207,57215.0
584215,28387.0
584223,87693.0
584231,36271.0
584240,18699.0
584266,35542.0
584274,9559.0
584282,80016.0
584291,571546.0
584304,9180.0
584321,20253.0
584339,17902.0
584347,29891.0
584355,11466.0
584363,21826.0
584371,36311.0
584380,17834.0
584401,11388.0
584410,9787.0
584428,39003.0
584436,7178.0
584444,39580.0
584452,29874.0
584461,14737.0
584479,10421.0
584487,34660.0
584495,135696.0
584517,16288.0
584525,14072.0
584541,12140.0
584550,53638.0
584568,47207.0
584576,42499.0
584584,26671.0
584592,29429.0
584622,85104.0
584631,52862.0
584649,171278.0
584657,10149.0
584665,58567.0
584673,32627.0
584681,10708.0
584703,14760.0
584711,17862.0
584720,29650.0
584746,26992.0
584754,7483.0
584762,16746.0
584771,12873.0
584789,17575.0
584797,66724.0
584801,108029.0
584819,21751.0
584835,17385.0
584843,23519.0
584851,17652.0
584860,49661.0
584878,19078.0
584894,19288.0
584908,18493.0
584916,18055.0
584924,31961.0
584932,45187.0
584941,47308.0
584959,24300.0
584967,23693.0
584975,81813.0
584983,87642.0
584991,10532.0
585009,39388.0
585017,70661.0
585025,19076.0
585033,49033.0
585041,25241.0
585050,32906.0
585068,1744493.0
585076,16431.0
585092,17959.0
585106,17480.0
585114,132032.0
585131,11152.0
585149,15389.0
585157,4465.0
585165,6041.0
585173,14092.0
585181,11742.0
585190,9865.0
585203,8046.0
585211,83450.0
585220,41708.0
585238,1809.0
585246,12839.0
585254,11073.0
585262,10738.0
585271,12531.0
585289,27051.0
585301,21607.0
585319,6787.0
585327,6223.0
585343,20798.0
585432,10774.0
585441,16068.0
585459,119922.0
585467,39558.0
585483,9217.0
585491,13502.0
585505,14044.0
585513,168760.0
585521,16486.0
585530,31884.0
585548,16414.0
585556,10275.0
585599,419319.0
585611,7319.0
585661,17480.0
585670,17803.0
585726,16881.0
585734,16549.0
585751,154217.0
585769,13220.0
585777,67637.0
585793,38778.0
585807,11228.0
585815,5467.0
585831,51509.0
585858,56455.0
585866,26175.0
585874,6261.0
585882,27366.0
585891,115401.0
585912,16795.0
585921,17908.0
585939,106672.0
585955,34145.0
585963,8869.0
585971,25357.0
585980,18710.0
585998,31777.0
586005,3125.0
586013,25119.0
586021,580098.0
586030,20004.0
586048,47373.0
586056,9956.0
586064,5101.0
586072,16806.0
586081,98617.0
586099,28554.0
586102,56746.0
586111,9115.0
586129,30877.0
586137,67221.0
586145,23073.0
586153,6197.0
586161,147150.0
586170,49826.0
586188,28330.0
586196,14969.0
586200,9072.0
586218,16144.0
586226,16204.0
586234,9363.0
586242,4910.0
586251,5523.0
586269,25161.0
586277,19478.0
586285,11421.0
586293,9364.0
586307,264828.0
586315,4163.0
586323,34803.0
586331,22599.0
586340,18194.0
586358,64779.0
586366,4285.0
586374,44536.0
586382,43706.0
586391,16939.0
586404,48817.0
586412,83434.0
586421,19061.0
586439,7873.0
586447,10482.0
586455,16010.0
586463,4342.0
586471,4981.0
586480,30487.0
586498,49499.0
586501,18987.0
586510,91937.0
586528,78927.0
586536,3872.0
586544,12030.0
586552,19954.0
586561,21850.0
586579,8157.0
586587,130094.0
586595,13008.0
586609,28286.0
586617,11746.0
586625,80565.0
586633,8313.0
586641,50157.0
586650,12509.0
586668,20338.0
586676,9090.0
586684,20535.0
586692,16612.0
586706,49738.0
586714,68132.0
586722,262940.0
586731,11689.0
586749,24018.0
586757,69027.0
586765,103560.0
586773,13554.0
586781,17353.0
586790,23759.0
586803,59313.0
586811,11607.0
586820,23671.0
586838,4326.0
586846,1158818.0
586854,4003.0
586862,53828.0
586871,7749.0
586889,5516.0
586897,9709.0
586901,3076.0
586919,5752.0
586927,3273.0
586943,85318.0
586951,6211.0
586960,3947.0
586978,10349.0
586986,3356.0
586994,5298.0
587001,3054.0
587010,8545.0
587028,43378.0
587036,6221.0
587044,28437.0
587052,5294.0
587061,2238.0
587079,2309.0
587087,3988.0
587095,10077.0
587109,3062.0
587117,5187.0
587125,3443.0
587141,17196.0
587150,3460.0
587168,14361.0
587176,7910.0
587184,1879.0
587192,3076.0
587206,2012.0
587214,1445.0
587222,3096.0
587231,1173.0
587249,12089.0
587257,3133.0
587265,4367.0
587273,5778.0
587281,2738.0
587290,5037.0
587303,2080.0
587320,2802.0
587338,3581.0
587346,42533.0
587354,5442.0
587362,4106.0
587371,1562.0
587389,4318.0
587397,5589.0
587401,20315.0
587419,1375.0
587427,10452.0
587435,14349.0
587443,4728.0
587451,1990.0
587460,2756.0
587478,62814.0
587486,13481.0
587494,4599.0
587508,5171.0
587516,4135.0
587524,2922.0
587532,4061.0
587541,20486.0
587559,2759.0
587567,4833.0
587575,4563.0
587583,5377.0
587591,19152.0
587605,3034.0
587613,1603.0
587621,4468.0
587630,1623.0
587648,1836.0
587656,3267.0
587664,3393.0
587672,2883.0
587681,9649.0
587699,2364.0
587702,4211.0
587711,116788.0
587729,29489.0
587737,2206.0
587745,18005.0
587753,2293.0
587761,5428.0
587770,1885.0
587788,10168.0
587796,8801.0
587800,4196.0
587818,7547.0
587826,2506.0
587834,4846.0
587842,7428.0
587851,1953.0
587869,2782.0
587877,1403.0
587885,6317.0
587893,2664.0
587907,5110.0
587915,4026.0
587923,14815.0
587931,23558.0
587940,1953.0
587958,8844.0
587974,6789.0
587982,5716.0
587991,1296.0
588008,4398.0
588016,2503.0
588024,127604.0
588032,133356.0
588041,3024.0
588059,2555.0
588067,2997.0
588075,4944.0
588083,2041.0
588091,806.0
588105,978.0
588113,29290.0
588121,13931.0
588130,3445.0
588148,2897.0
588156,7013.0
588164,1276.0
588172,18217.0
588181,8804.0
588199,2548.0
588202,5247.0
588211,4316.0
588229,1747.0
588237,5155.0
588245,1420.0
588253,9774.0
588261,1823.0
588270,2621.0
588288,9134.0
588296,659981.0
588300,10529.0
588318,6553.0
588326,12532.0
588334,3513.0
588342,4479.0
588377,8331.0
588385,21321.0
588393,193325.0
588407,4347.0
588431,10064.0
588458,272825.0
588474,5950.0
588482,3466.0
588491,162639.0
588504,8151.0
588512,115279.0
588521,12764.0
588547,5823.0
588555,8537.0
588563,6634.0
588598,6875.0
588601,64825.0
588610,22198.0
588628,1446.0
588636,5834.0
588644,51305.0
588652,11090.0
588661,9408.0
588695,10863.0
588709,21831.0
588717,10183.0
588725,10980.0
588733,13280.0
588741,16624.0
588750,12689.0
588768,66241.0
588784,8204.0
588806,5798.0
588814,9672.0
588822,10629.0
588831,5154.0
588849,19811.0
588865,16975.0
588873,11457.0
588890,16553.0
588903,27881.0
588920,12035.0
588938,25168.0
588946,15904.0
588954,15786.0
588962,13398.0
588971,13434.0
588989,8590.0
588997,13638.0
589004,8169.0
589039,14842.0
589047,5782.0
589055,3668.0
589080,11077.0
589098,6397.0
589110,4457.0
589128,8905.0
589136,10119.0
589152,7443.0
589161,16666.0
589187,35496.0
589195,47949.0
589217,13906.0
589225,13283.0
589233,17580.0
589250,1031350.0
589268,23887.0
589276,11643.0
589284,6415.0
589292,10729.0
589306,3022.0
589314,20127.0
589322,34153.0
589331,4955.0
589349,9550.0
589357,7424.0
589365,11809.0
589381,23406.0
589390,12372.0
589403,28988.0
589420,11696.0
589438,6980.0
589446,19278.0
589454,12434.0
589462,11985.0
589489,11042.0
589497,5946.0
589501,7889.0
589519,21821.0
589527,9734.0
589535,5087.0
589543,18175.0
589560,14713.0
589578,11114.0
589586,7044.0
589594,8474.0
589608,19106.0
589616,6254.0
589624,65016.0
589632,65663.0
589641,6568.0
589659,34913.0
589667,13693.0
589675,13123.0
589683,8683.0
589691,16872.0
589705,12898.0
589713,8734.0
589721,11602.0
589730,33710.0
589748,14746.0
589756,46704.0
589764,32106.0
589772,7773.0
589799,6217.0
589802,10503.0
589811,4456.0
589829,36910.0
589837,7923.0
589845,29222.0
589853,6574.0
589870,17208.0
589888,16296.0
589896,53997.0
589918,6440.0
589926,23711.0
589934,29115.0
589942,25064.0
589951,4563.0
589969,2348.0
589977,14717.0
589993,5672.0
590002,7770.0
590011,12235.0
590029,37056.0
590045,1898.0
590053,12363.0
590061,3484.0
590070,9807.0
590088,14217.0
590096,5859.0
590100,11468.0
590118,6857.0
590126,30881.0
590134,12901.0
590142,11388.0
590151,4055.0
590177,13649.0
590185,37981.0
590193,13835.0
590207,11467.0
590215,11021.0
590223,7378.0
590240,12584.0
590266,852923.0
590274,4619.0
590282,4467.0
590304,4369.0
590312,6279.0
590321,8389.0
590347,3414.0
590363,5596.0
590371,2441.0
590380,14953.0
590401,27186.0
590410,8375.0
590428,2196.0
590436,12371.0
590444,6707.0
590452,7020.0
590461,4171.0
590479,4432.0
590487,5653.0
590495,4673.0
590509,4834.0
590517,13263.0
590525,3005.0
590533,9678.0
590550,9195.0
590568,6773.0
590576,18877.0
590584,12593.0
590592,8252.0
590614,4805.0
590622,6777.0
590631,3093.0
590649,5932.0
590657,1789.0
590665,1675.0
590673,40503.0
590681,1983.0
590690,2177.0
590703,5898.0
590711,3466.0
590746,14036.0
590754,95436.0
590762,4538.0
590789,96252.0
590797,5997.0
590801,4930.0
590819,2585.0
590827,4489.0
590835,3637.0
590843,32142.0
590851,6762.0
590860,10182.0
590878,2619.0
590886,11009.0
590894,4486.0
590908,8684.0
590916,3015.0
590941,21258.0
590959,2715.0
590967,4397.0
590975,4691.0
590983,2101.0
590991,2156.0
591009,10980.0
591025,3561.0
591041,8346.0
591068,3071.0
591092,2670.0
591114,5873.0
591122,5313.0
591149,2097.0
591157,4998.0
591165,8830.0
591173,31478.0
591181,174364.0
591190,16351.0
591211,114573.0
591220,8047.0
591238,1378.0
591246,4904.0
591254,21957.0
591262,2380.0
591289,2124.0
591297,2790.0
591301,46849.0
591319,17510.0
591327,4177.0
591335,3118.0
591360,9634.0
591378,2215.0
591394,8263.0
591408,1819.0
591416,3862.0
591424,1653.0
591432,15850.0
591441,3195.0
591459,18233.0
591491,3166.0
591505,10559.0
591521,1814.0
591548,7655.0
591556,1701.0
591564,3900.0
591581,11492.0
591602,2726.0
591611,19655.0
591629,26150.0
591637,15653.0
591645,9289.0
591661,9052.0
591688,5395.0
591700,5601.0
591726,5845.0
591742,36922.0
591769,12919.0
591777,3271.0
591785,7781.0
591793,5718.0
591807,10927.0
591815,6922.0
591823,2548.0
591831,14350.0
591840,14752.0
591858,10113.0
591866,9981.0
591874,15998.0
591904,27026.0
591912,3298.0
591939,19461.0
591947,3090.0
591955,2702.0
591963,2714.0
591980,5109.0
591998,35205.0
592005,584780.0
592013,40850.0
592021,48120.0
592030,40722.0
592048,103731.0
592056,19343.0
592064,50490.0
592072,17944.0
592081,37599.0
592099,23945.0
592102,55939.0
592111,18319.0
592137,8714.0
592145,68092.0
592153,11693.0
592170,100510.0
592188,19116.0
592196,857.0
592200,22997.0
592218,22624.0
592226,40860.0
592234,10564.0
592251,3668.0
592269,25047.0
592277,12857.0
592285,21895.0
592293,20948.0
592307,9372.0
592323,21415.0
592340,4612.0
592366,10778.0
592382,26884.0
592391,15595.0
592404,18285.0
592412,35778.0
592421,17076.0
592439,75555.0
592447,16534.0
592455,35247.0
592463,77432.0
592471,19662.0
592480,16241.0
592498,21198.0
592501,19199.0
592510,45430.0
592528,23953.0
592536,22682.0
592552,10433.0
592561,8767.0
592579,15401.0
592587,2991.0
592609,20224.0
592617,82639.0
592625,9539.0
592633,3404.0
592641,25502.0
592650,13303.0
592668,5557.0
592676,38979.0
592692,36606.0
592706,26010.0
592714,5482.0
592722,25554.0
592731,386472.0
592749,100144.0
592757,5458.0
592773,4457.0
592781,9657.0
592790,28820.0
592803,12540.0
592820,68859.0
592838,3478.0
592846,24188.0
592854,7009.0
592862,37257.0
592871,4293.0
592889,491925.0
592897,5786.0
592901,19136.0
592919,26358.0
592927,20427.0
592935,56.0
592943,147233.0
592978,6072.0
592986,4827.0
592994,19683.0
593001,52843.0
593010,12786.0
593028,18429.0
593036,11372.0
593044,21425.0
593052,18670.0
593061,13536.0
593079,17318.0
593087,13605.0
593095,5757.0
593117,66539.0
593125,8527.0
593141,14729.0
593150,7646.0
593168,15821.0
593184,2479.0
593192,9590.0
593214,42370.0
593222,17340.0
593231,3195.0
593249,10947.0
593257,32019.0
593265,14161.0
593273,18827.0
593281,6045.0
593290,3186.0
593320,15103.0
593338,7980.0
593346,13167.0
593354,7573.0
593371,17143.0
593389,6498.0
593397,15067.0
593401,8750.0
593419,25457.0
593427,9196.0
593435,15605.0
593443,2269.0
593460,7235.0
593478,33853.0
593486,4283.0
593494,14415.0
593508,38793.0
593516,25553.0
593524,9462.0
593532,15011.0
593559,122479.0
593567,13271.0
593583,145442.0
593591,7989.0
593605,11042.0
593613,22609.0
593621,22626.0
593630,7341.0
593648,12202.0
593656,10168.0
593664,15607.0
593681,26370.0
593699,12914.0
593702,5827.0
593711,785618.0
593729,6060.0
593737,8998.0
593745,4780.0
593753,3415.0
593761,1952.0
593770,27749.0
593788,14088.0
593796,4203.0
593800,9311.0
593818,3462.0
593826,34495.0
593834,12747.0
593842,20151.0
593851,12523.0
593869,7218.0
593877,4976.0
593885,2108.0
593893,3218.0
593907,7580.0
593923,6138.0
593931,8864.0
593958,3368.0
593966,10855.0
593974,19436.0
593982,11417.0
593991,9733.0
594008,3521.0
594016,4743.0
594024,7716.0
594032,31881.0
594041,17705.0
594059,7568.0
594067,40677.0
594075,6146.0
594083,6949.0
594091,14352.0
594105,6539.0
594113,34323.0
594121,9722.0
594130,20345.0
594148,21071.0
594156,74908.0
594164,2484.0
594172,12524.0
594181,10060.0
594199,28803.0
594202,26225.0
594211,17287.0
594229,10054.0
594237,3242.0
594253,4071.0
594261,12322.0
594270,12029.0
594288,2794.0
594296,3463.0
594300,21372.0
594318,3437.0
594326,5423.0
594334,11035.0
594342,5973.0
594351,4580.0
594369,11397.0
594377,11082.0
594385,1617.0
594393,5683.0
594407,8554.0
594415,10807.0
594423,4054.0
594431,14261.0
594440,4722.0
594458,67808.0
594466,7542.0
594474,5261.0
594482,134679.0
594512,4699.0
594521,2045.0
594555,12080.0
594563,24987.0
594571,15553.0
594580,1670.0
594598,2071.0
594601,10938.0
594610,8093.0
594628,10144.0
594636,1118.0
594644,3723.0
594652,2244.0
594679,18547.0
594687,7534.0
594695,2189.0
594709,18220.0
594725,7993.0
594733,4016.0
594741,2391.0
594750,9520.0
594768,12249.0
594776,5610.0
594784,10495.0
594792,3210.0
594806,5405.0
594814,5434.0
594822,23231.0
594831,3584.0
594849,10692.0
594865,3707.0
594873,32532.0
594881,26416.0
594890,14755.0
594903,5624.0
594911,14028.0
594920,30063.0
594938,13663.0
594946,12371.0
594954,2804.0
594962,14742.0
594971,12591.0
594989,4476.0
594997,8870.0
595004,9219.0
595012,1871.0
595021,27152.0
595039,9245.0
595047,19033.0
595055,15824.0
595063,1674.0
595071,25187.0
595080,5649.0
595098,19361.0
595101,6390.0
595110,6726.0
595128,26070.0
595136,3881.0
595144,2340.0
595152,4017.0
595161,1047.0
595179,6335.0
595187,7369.0
595195,5908.0
595209,511311.0
595217,2779.0
595241,6616.0
595250,7606.0
595268,20768.0
595276,5375.0
595284,6638.0
595292,25710.0
595306,5738.0
595314,7548.0
595322,4180.0
595331,2155.0
595349,3240.0
595357,4009.0
595365,5639.0
595381,4661.0
595390,4162.0
595403,4259.0
595411,194659.0
595420,3432.0
595438,7094.0
595446,3580.0
595454,15258.0
595462,3259.0
595471,6083.0
595489,7967.0
595501,11428.0
595519,3469.0
595527,27386.0
595535,14606.0
595551,18785.0
595560,2704.0
595578,7679.0
595586,32958.0
595594,29557.0
595608,4882.0
595624,3345.0
595641,17867.0
595659,4635.0
595667,6779.0
595675,2077.0
595683,1923.0
595705,1017.0
595713,3969.0
595721,4669.0
595730,7768.0
595748,2417.0
595756,13150.0
595772,26975.0
595802,6759.0
595811,3791.0
595829,3078.0
595837,5969.0
595845,2060.0
595853,3579.0
595861,5950.0
595870,2700.0
595888,4659.0
595896,2479.0
595900,6261.0
595918,8689.0
595926,42342.0
595934,4555.0
595951,12817.0
595969,4187.0
595977,4238.0
595985,2820.0
595993,3427.0
596001,1060.0
596019,11303.0
596035,4154.0
596051,8548.0
596060,1256.0
596078,1129.0
596086,6229.0
596094,10037.0
596108,4793.0
596116,44716.0
596132,3094.0
596141,13482.0
596159,965.0
596175,30338.0
596183,7532.0
596191,4904.0
596205,21488.0
596213,3821.0
596221,14055.0
596230,235164.0
596248,4676.0
596256,29268.0
596264,1493.0
596272,3787.0
596281,9252.0
596302,7088.0
596329,7272.0
596337,14953.0
596345,19731.0
596353,1518.0
596361,21434.0
596370,7198.0
596388,5777.0
596396,7582.0
596400,4018.0
596418,4836.0
596434,4527.0
596442,4943.0
596451,5679.0
596469,2135.0
596477,3558.0
596485,16997.0
596493,9044.0
596507,1069.0
596515,3569.0
596523,2610.0
596531,13815.0
596540,2343.0
596558,7410.0
596566,3419.0
596574,20959.0
596582,1705.0
596604,2649.0
596612,14472.0
596639,2330.0
596647,16027.0
596655,17625.0
596663,8262.0
596671,4767.0
596680,10765.0
596698,902.0
596701,14248.0
596710,3724.0
596728,5750.0
596736,2381.0
596744,5357.0
596752,3091.0
596761,3339.0
596787,16835.0
596795,1045.0
596809,3231.0
596817,13720.0
596825,20179.0
596833,4198.0
596841,10142.0
596850,2436.0
596868,33302.0
596876,14434.0
596884,16130.0
596892,1814.0
596906,6884.0
596914,11068.0
596922,5539.0
596931,4468.0
596949,7528.0
596957,15741.0
596965,7546.0
596973,115395.0
596981,26076.0
596990,2867.0
597007,266817.0
597015,9474.0
597031,3827.0
597040,4800.0
597058,9563.0
597066,3825.0
597074,16580.0
597082,6055.0
597091,17153.0
597104,1993.0
597112,4508.0
597121,3226.0
597139,4740.0
597147,10084.0
597155,14695.0
597163,4587.0
597171,8324.0
597180,387407.0
597198,5441.0
597201,9480.0
597210,29852.0
597228,78281.0
597252,10408.0
597287,8980.0
597317,32139.0
597325,8097.0
597341,16326.0
597350,53892.0
597368,21195.0
597392,13868.0
597414,13853.0
597431,7077.0
597449,31483.0
597457,6745.0
597473,4831.0
597481,24504.0
597511,7822.0
597520,558969.0
597538,6136.0
597546,10336.0
597554,24296.0
597571,10596.0
597589,11946.0
597601,15495.0
597635,81408.0
597678,72502.0
597686,7106.0
597716,25568.0
597724,11866.0
597741,4498.0
597775,3235.0
597783,196429.0
597791,14505.0
597813,13405.0
597821,9371.0
597872,33285.0
597881,12198.0
597899,13047.0
597911,21210.0
597937,22139.0
597945,11031.0
597961,126729.0
597970,7203.0
597988,27186.0
597996,93473.0
598003,1322764.0
598011,81858.0
598020,6856.0
598038,88282.0
598046,18410.0
598062,119129.0
598071,56337.0
598089,70168.0
598101,27232.0
598135,53084.0
598143,223505.0
598160,33485.0
598178,47173.0
598232,5948.0
598241,1693.0
598259,129907.0
598267,11747.0
598275,6245.0
598283,6447.0
598291,11772.0
598305,6953.0
598313,6497.0
598321,67289.0
598330,2310.0
598348,48744.0
598356,49930.0
598364,11634.0
598372,2516.0
598381,7236.0
598399,29133.0
598402,8433.0
598411,10727.0
598429,9808.0
598437,2861.0
598445,25391.0
598453,88545.0
598461,7495.0
598470,5882.0
598488,4845.0
598496,3778.0
598500,2426.0
598518,2249.0
598526,24330.0
598534,271.0
598542,54102.0
598551,70796.0
598569,88451.0
598577,1572.0
598585,1784.0
598593,4062.0
598607,8358.0
598615,1830.0
598623,5348.0
598631,1481.0
598640,1210.0
598658,2523.0
598666,1068.0
598674,33248.0
598691,45288.0
598704,2918.0
598712,7157.0
598721,5301.0
598739,60745.0
598747,12644.0
598755,5984.0
598763,2644.0
598771,1222.0
598780,4861.0
598798,136298.0
598801,2557.0
598810,836601.0
598828,2972.0
598836,41290.0
598844,4638.0
598852,3238.0
598861,5545.0
598879,157621.0
598887,1751.0
598895,7592.0
598909,1657.0
598917,1333424.0
598925,90007.0
598933,575390.0
598941,92571.0
598950,2021.0
598968,114569.0
598976,1221.0
598992,2100.0
599000,1349.0
599026,3256.0
599034,2208.0
599042,10631.0
599051,501682.0
599069,717991.0
599077,117192.0
599085,161152.0
599107,162857.0
599115,7061.0
599123,7073.0
599131,3210.0
599140,41872.0
599158,98920.0
599166,2889.0
599174,1492.0
599182,3552.0
599191,566466.0
599204,2769.0
599212,37811.0
599221,7037.0
599239,2790.0
599247,170915.0
599255,2355.0
599263,3045.0
599271,5812.0
599280,2777.0
599298,3816.0
599301,2721.0
599344,251690.0
599352,133679.0
599361,2903.0
599379,2625.0
599387,5543.0
599395,1245.0
599409,39123.0
599417,5957.0
599425,4228.0
599433,10494.0
599441,2639.0
599450,2022.0
599468,43815.0
599476,3390.0
599484,2295.0
599492,2691.0
599506,35118.0
599514,7584.0
599522,3334.0
599531,5583.0
599549,95374.0
599557,1954.0
599565,519890.0
599573,2563.0
599581,4456.0
599590,4021.0
599603,33418.0
599611,3986.0
599620,9145.0
599638,12395.0
599646,8835.0
599654,1629.0
599662,3124.0
599671,4970.0
599689,56165.0
599697,4793.0
599701,167943.0
599719,10007.0
599727,10268.0
599735,19628.0
599743,40601.0
599751,1671.0
599760,3583.0
599778,914.0
599808,196596.0
599832,33390.0
599867,20532.0
599905,60627.0
599921,227175.0
599930,59269.0
599948,77852.0
599956,39074.0
599964,21474.0
599999,54355.0
